Rk,Player,Pos,Tm,G,GS,MP,FG,FGA,FG%,3P,3PA,3P%,2P,2PA,2P%,eFG%,FT,FTA,FT%,ORB,DRB,TRB,AST,STL,BLK,TOV,PF,PS/G
1,Alex Abrines,SG,OKC,22,1,15.8,1.4,3.9,0.365,0.8,2.5,0.309,0.6,1.4,0.467,0.465,0.4,0.5,0.75,0.4,1.1,1.5,0.5,0.6,0.1,0.4,2,4
2,Quincy Acy,PF,BRK,19,0,17.5,1.6,4.7,0.333,1.3,3.8,0.342,0.3,0.9,0.294,0.472,1.2,1.4,0.846,0.5,3.2,3.7,0.7,0.4,0.2,1.1,2.1,5.6
3,Steven Adams,C,OKC,21,21,31.2,5.8,9,0.64,0,0,,5.8,9,0.64,0.64,1.9,2.9,0.656,4.6,3.8,8.4,0.8,1.4,1,1.9,2.7,13.4
4,Bam Adebayo,C,MIA,15,6,15.2,2,3.3,0.6,0,0,,2,3.3,0.6,0.6,1.3,1.7,0.731,1.5,2.3,3.8,0.1,0.8,0.6,0.7,1.5,5.3
5,Arron Afflalo,SG,ORL,20,0,12.5,0.8,2.4,0.333,0.3,1.2,0.261,0.5,1.3,0.4,0.396,0.4,0.6,0.667,0.1,1.5,1.6,0.6,0.1,0.2,0.4,1.1,2.3
6,Cole Aldrich,C,MIN,5,0,2,0,0.4,0,0,0,,0,0.4,0,0,0.2,0.4,0.5,0,0.2,0.2,0.2,0.2,0,0,0.4,0.2
7,LaMarcus Aldridge,PF,SAS,24,24,33.3,8.7,17.2,0.504,0.6,1.6,0.385,8,15.6,0.516,0.522,4.6,5.5,0.847,3.1,4.9,8,2.2,0.6,1.2,1.5,2.5,22.6
8,Jarrett Allen,C,BRK,16,0,16,2.1,3.8,0.55,0.1,0.1,0.5,2,3.6,0.552,0.558,0.9,1.3,0.714,1.4,2.3,3.7,0.6,0.6,0.9,0.5,1.7,5.1
9,Tony Allen,SG,NOP,21,0,12.9,2.1,4.3,0.484,0.2,0.6,0.333,1.9,3.8,0.506,0.505,0.5,1,0.524,1,1.3,2.2,0.4,0.5,0.1,0.9,2.3,4.9
10,Al-Farouq Aminu,PF,POR,11,9,29.5,3.4,7.3,0.463,1.9,4.2,0.457,1.5,3.1,0.471,0.594,0.9,1.1,0.833,1.4,6,7.4,1.3,0.6,1,1.3,1.9,9.5
11,Justin Anderson,SF,PHI,10,0,12.6,1.8,4.8,0.375,0.9,2.6,0.346,0.9,2.2,0.409,0.469,0.5,0.7,0.714,1,1.7,2.7,0.3,0.3,0.1,0.4,1.9,5
12,Kyle Anderson,SF,SAS,23,23,27.4,3.5,6.8,0.513,0.2,0.5,0.364,3.3,6.3,0.524,0.526,1.7,2.3,0.755,1.3,4.6,6,3,1.2,0.8,1.3,1.6,8.9
13,Ryan Anderson,PF,HOU,22,21,29.5,4.4,9.2,0.473,3,7.1,0.423,1.4,2.1,0.638,0.635,1,1.2,0.815,1.4,4.2,5.5,0.7,0.3,0.4,0.9,2,12.7
14,Ike Anigbogu,C,IND,6,0,2.8,0.2,0.8,0.2,0,0,,0.2,0.8,0.2,0.2,0.3,0.3,1,0.3,0.3,0.7,0,0.2,0.2,0.3,0.2,0.7
15,Giannis Antetokounmpo,PF,MIL,22,22,37.2,10.9,20,0.547,0.5,1.8,0.256,10.5,18.2,0.575,0.558,7.4,9.7,0.761,2,8.2,10.2,4.5,1.7,1.7,2.9,3.6,29.6
16,Carmelo Anthony,SF,OKC,23,23,32.6,6.6,16.3,0.406,2.1,6.2,0.338,4.5,10.1,0.448,0.471,2.8,3.6,0.783,0.8,5.7,6.5,1.7,0.8,0.7,1.5,2.8,18.1
17,OG Anunoby,SF,TOR,22,10,19,2.5,5,0.505,1.1,2.7,0.417,1.4,2.2,0.612,0.619,0.6,1,0.636,0.6,1.4,2,0.9,0.9,0,0.5,2,6.8
18,Ryan Arcidiacono,PG,CHI,1,0,5,0,2,0,0,2,0,0,0,,0,0,0,,0,0,0,1,0,0,0,1,0
19,Trevor Ariza,SF,HOU,21,21,34,4,9,0.441,2.6,6.7,0.386,1.4,2.3,0.604,0.585,0.9,1,0.905,0.6,4,4.6,2,1.6,0.2,1,1.9,11.4
20,Darrell Arthur,PF,DEN,3,0,8,0.3,2.3,0.143,0,1.3,0,0.3,1,0.333,0.143,0,0,,0.3,0.7,1,0.3,0.3,0,0.7,1.3,0.7
21,Omer Asik,C,NOP,4,0,11.3,1.3,2.5,0.5,0,0,,1.3,2.5,0.5,0.5,0.3,0.5,0.5,0.8,3.5,4.3,0.5,0,0,0.3,0.8,2.8
22,D.J. Augustin,PG,ORL,19,6,19.6,2.7,5.4,0.505,1.1,2.3,0.477,1.6,3.1,0.525,0.607,1.9,2.3,0.837,0.3,1.6,1.8,3.4,0.7,0,1.7,1.5,8.5
23,Luke Babbitt,SF,ATL,21,9,19.1,2.9,5.8,0.492,1.8,3.8,0.463,1.1,2,0.548,0.643,0.4,0.6,0.692,0.2,2.3,2.5,0.9,0.3,0.1,0.7,1.7,7.9
24,Dwayne Bacon,SG,CHO,22,6,18.1,1.6,4.5,0.36,0.5,1.3,0.345,1.2,3.2,0.366,0.41,0.4,0.5,0.727,0,3.5,3.5,0.9,0.3,0.1,0.6,1.5,4.1
25,Ron Baker,SG,NYK,7,0,12.4,0.7,1.7,0.417,0.6,0.9,0.667,0.1,0.9,0.167,0.583,1.1,2,0.571,0,0.6,0.6,2.7,1,0,1.1,0.9,3.1
26,Lonzo Ball,PG,LAL,24,24,33.1,3.5,10.8,0.319,1.2,4.8,0.243,2.3,6,0.379,0.373,0.7,1.3,0.5,1.5,5.5,6.9,7,1.4,1,2.6,2,8.8
27,J.J. Barea,PG,DAL,25,1,22.2,4.4,10.3,0.426,2,5,0.392,2.4,5.3,0.459,0.521,1.3,1.7,0.762,0.3,2.8,3,5.4,0.5,0,2.1,1.4,12
28,Harrison Barnes,PF,DAL,25,25,35.1,6.6,15.1,0.439,1.2,3.5,0.33,5.5,11.6,0.472,0.478,4,4.8,0.835,1.2,6.4,7.6,2,0.6,0.1,1.8,1.6,18.5
29,Will Barton,SG,DEN,24,5,30.3,5.7,12.1,0.471,2.2,5.1,0.423,3.5,7,0.506,0.56,2.2,3.1,0.703,0.8,4.4,5.3,2.9,1,0.5,1.8,2,15.8
30,Nicolas Batum,SG,CHO,10,10,29.2,3.9,10.1,0.386,1,4.3,0.233,2.9,5.8,0.5,0.436,2.2,2.7,0.815,0.6,3.8,4.4,4,0.9,0.3,2.2,1.4,11
31,Jerryd Bayless,SG,PHI,18,8,27.7,3.3,7.6,0.438,1.6,3.9,0.394,1.8,3.7,0.485,0.54,1.4,1.7,0.806,0.4,2.2,2.6,1.8,0.6,0.2,1.4,2.6,9.6
32,Aron Baynes,C,BOS,26,15,17.6,2.3,4.8,0.476,0,0.1,0,2.3,4.7,0.488,0.476,1,1.5,0.692,1.8,3.3,5.2,0.9,0.3,0.7,0.9,2,5.7
33,Kent Bazemore,SG,ATL,24,24,28.8,3.9,10.3,0.382,1.3,3.6,0.356,2.6,6.6,0.396,0.445,2.8,3.5,0.807,0.5,4,4.5,3.4,1.8,0.5,2.4,2.1,11.9
34,Bradley Beal,SG,WAS,25,25,34.8,8.5,18.3,0.466,2.2,6,0.36,6.4,12.3,0.518,0.525,4.6,5.7,0.803,0.8,3.3,4.1,3.3,1.1,0.5,2.6,1.9,23.8
35,Malik Beasley,SG,DEN,21,0,8.8,1.1,2.7,0.429,0.4,1.2,0.346,0.7,1.4,0.5,0.509,0.4,0.7,0.571,0.3,1.2,1.5,0.6,0.2,0,0.5,0.6,3.1
36,Michael Beasley,PF,NYK,18,4,15.3,3.8,7.1,0.531,0.1,0.7,0.167,3.7,6.4,0.569,0.539,0.9,1.4,0.64,1,2.5,3.5,0.9,0.1,0.4,2,1.4,8.6
37,Marco Belinelli,SG,ATL,24,0,25.7,4,9.9,0.403,2,5.1,0.393,2,4.8,0.414,0.504,2,2.2,0.942,0.2,2.2,2.4,2.5,1.1,0,1,0.8,12
38,Jordan Bell,C,GSW,20,2,10.7,2,2.7,0.722,0,0,,2,2.7,0.722,0.722,0.1,0.1,0.5,1.1,2,3,1.1,0.6,1.1,0.7,1.6,4
39,DeAndre' Bembry,SF,ATL,10,0,17.3,2.3,5.7,0.404,0.3,1.1,0.273,2,4.6,0.435,0.43,0.8,1.4,0.571,0.2,2.7,2.9,1.4,1,0.5,2.2,1.8,5.7
40,Dragan Bender,PF,PHO,27,1,20.5,1.7,4.7,0.37,1.1,3.1,0.361,0.6,1.6,0.386,0.488,0.4,0.6,0.75,0.4,2.9,3.3,1,0.3,0.7,1,1.5,5
41,Davis Bertans,PF,SAS,21,0,8.2,1.3,2.9,0.45,0.9,2.3,0.396,0.4,0.6,0.667,0.608,0.3,0.4,0.75,0.1,1,1.1,0.5,0.2,0.3,0.4,0.9,3.8
42,Patrick Beverley,SG,LAC,11,11,30.4,4.4,10.8,0.403,2.2,5.5,0.4,2.2,5.4,0.407,0.504,1.3,1.5,0.824,1.5,2.6,4.1,2.9,1.7,0.5,2.3,3.1,12.2
43,Khem Birch,C,ORL,3,0,3.3,0.7,1.7,0.4,0,0,,0.7,1.7,0.4,0.4,0,0,,0.7,0,0.7,0.3,0,0,0,1,1.3
44,Jabari Bird,SG,BOS,2,0,8,0,0.5,0,0,0.5,0,0,0,,0,1.5,2.5,0.6,0,0.5,0.5,0,0,0,0,0.5,1.5
45,Bismack Biyombo,C,ORL,26,0,15.6,1.6,3.2,0.494,0,0,0,1.6,3.2,0.5,0.494,1.1,1.9,0.571,1.3,3.1,4.5,0.3,0.2,1.2,1.1,2,4.2
46,Nemanja Bjelica,PF,MIN,18,0,15.3,2.7,4.6,0.578,1.2,2.3,0.512,1.5,2.3,0.643,0.705,0.6,0.7,0.917,0.4,2.4,2.8,0.7,0.6,0.2,0.7,1.7,7.1
47,Tarik Black,C,HOU,18,0,8.8,1.3,2.3,0.548,0,0.3,0,1.3,2,0.639,0.548,0.6,1,0.611,0.9,1.9,2.8,0.3,0.3,0.5,0.6,2,3.2
48,Antonio Blakeney,SG,CHI,11,0,14.8,2.5,7,0.364,0.7,2.5,0.286,1.8,4.5,0.408,0.416,1.3,1.7,0.737,0.3,1.5,1.8,0.6,0.2,0,0.7,0.7,7.1
49,Eric Bledsoe,PG,TOT,16,16,30.2,6,13.6,0.442,1.4,4.4,0.31,4.6,9.1,0.507,0.493,3.7,5.1,0.728,0.9,2.8,3.7,4.2,1.8,0.7,2.8,2.3,17.1
49,Eric Bledsoe,PG,PHO,3,3,27.7,5.3,13.3,0.4,1.3,4.3,0.308,4,9,0.444,0.45,3.7,4.7,0.786,1,1.3,2.3,3,1.3,0.7,3.3,2,15.7
49,Eric Bledsoe,PG,MIL,13,13,30.8,6.2,13.6,0.452,1.4,4.5,0.31,4.8,9.2,0.521,0.503,3.7,5.2,0.716,0.8,3.2,4,4.5,1.9,0.7,2.7,2.3,17.4
50,Vander Blue,SG,LAL,4,0,7,0.3,0.8,0.333,0,0,,0.3,0.8,0.333,0.333,0,0,,0,0.3,0.3,0.3,0,0,0.5,0.5,0.5
51,Bogdan Bogdanovic,SG,SAC,21,10,23.6,3.7,8.3,0.44,1,3.2,0.313,2.7,5.1,0.519,0.5,1.2,1.5,0.839,0.3,1.9,2.2,2.2,1.1,0.3,1.6,1.7,9.6
52,Bojan Bogdanovic,SF,IND,25,25,31.3,5.6,11,0.505,2.2,5,0.448,3.3,6,0.553,0.607,1.7,2,0.843,0.3,2.8,3.1,1.3,0.6,0,1.1,1.6,15.1
53,Andrew Bogut,C,LAL,15,0,8.2,0.6,1,0.6,0,0,,0.6,1,0.6,0.6,0,0,,0.8,2.3,3.1,0.7,0.3,0.7,0.7,1.3,1.2
54,Joel Bolomboy,PF,MIL,5,0,6.2,0.2,0.8,0.25,0,0.2,0,0.2,0.6,0.333,0.25,0.6,1.2,0.5,1,0.6,1.6,0,0.4,0,0.4,0.4,1
55,Devin Booker,SG,PHO,25,25,34,8.5,18.8,0.453,2.5,6.5,0.383,6,12.3,0.49,0.519,4.8,5.5,0.87,0.6,4,4.5,4.1,0.9,0.3,3.2,3,24.3
56,Trevor Booker,PF,BRK,18,5,21.9,4.3,8.3,0.513,0.2,0.7,0.231,4.1,7.6,0.54,0.523,1.3,2.4,0.558,2.1,4.5,6.6,2.1,0.4,0.3,1.7,2.4,10.1
57,Avery Bradley,SG,DET,24,24,31.8,5.9,13.7,0.43,1.9,4.6,0.405,4,9,0.442,0.498,2.1,2.6,0.81,0.6,1.9,2.5,2.1,1.4,0.2,2.5,2.3,15.8
58,Tony Bradley,C,UTA,7,0,3,0.1,1.3,0.111,0,0.1,0,0.1,1.1,0.125,0.111,0.3,0.3,1,0.4,0.7,1.1,0.1,0,0,0,0.1,0.6
59,Corey Brewer,SF,LAL,24,1,11.8,1,2.3,0.429,0.1,0.7,0.188,0.9,1.7,0.525,0.455,0.5,0.8,0.667,0.2,1,1.3,0.8,0.8,0.2,0.5,1.4,2.6
60,Malcolm Brogdon,PG,MIL,22,10,29.9,5,10.7,0.466,1.5,3.7,0.42,3.5,7,0.49,0.538,1.3,1.5,0.848,0.2,2.5,2.8,3.7,0.9,0.2,1.5,2.3,12.8
61,Aaron Brooks,PG,MIN,11,1,4.8,0.9,1.9,0.476,0.5,0.9,0.5,0.5,1,0.455,0.595,0.1,0.2,0.5,0.2,0.4,0.5,0.6,0.1,0,0.2,0.6,2.4
62,Dillon Brooks,SF,MEM,24,16,28.8,3.1,6.8,0.46,0.8,2.3,0.327,2.4,4.5,0.528,0.515,1,1.3,0.742,0.7,2.9,3.6,1.3,1,0.5,1.6,3.3,8
63,Bobby Brown,PG,HOU,16,0,6.4,0.9,3.1,0.306,0.6,2.1,0.273,0.4,1,0.375,0.398,0.1,0.1,0.5,0,0.4,0.4,0.6,0.2,0,0.5,0.3,2.5
64,Jaylen Brown,SF,BOS,24,24,31.4,5.3,11.7,0.457,1.8,4.5,0.402,3.5,7.2,0.491,0.534,2.3,3.8,0.604,1.1,4.8,5.9,1.3,1.1,0.3,1.5,2.9,14.8
65,Lorenzo Brown,PG,TOR,5,0,9.4,0.2,1.2,0.167,0,0.6,0,0.2,0.6,0.333,0.167,0,0,,0,1.4,1.4,1,0.6,0,0,0.6,0.4
66,Sterling Brown,SG,MIL,5,0,5.8,0.8,2.4,0.333,0.2,0.8,0.25,0.6,1.6,0.375,0.375,0,0,,0.4,0.6,1,0.4,0.4,0,0.2,0.8,1.8
67,Nicolas Brussino,SF,ATL,4,0,2.5,0,0.5,0,0,0.5,0,0,0,,0,0,0,,0,0.8,0.8,0,0,0,0,0,0
68,Reggie Bullock,SF,DET,11,3,15.1,0.9,2.9,0.313,0.3,1.7,0.158,0.6,1.2,0.538,0.359,0.2,0.4,0.5,0.3,0.8,1.1,1.1,0.7,0.2,0.2,0.5,2.3
69,Alec Burks,SG,UTA,25,0,19.4,3.5,8,0.437,1.1,2.7,0.403,2.4,5.3,0.455,0.505,2,2.3,0.895,0.2,2.7,3,1.2,1,0.3,1,1.3,10.1
70,Jimmy Butler,SG,MIN,24,24,36.9,6.7,14.7,0.453,1.1,3.1,0.365,5.5,11.6,0.477,0.492,4.5,5.3,0.843,1.3,4.2,5.4,4.8,1.8,0.3,2,1.5,18.9
71,Bruno Caboclo,SF,TOR,2,0,3.5,0,1,0,0,1,0,0,0,,0,0,0,,0,0.5,0.5,0.5,0.5,0,0,0.5,0
72,Jose Calderon,PG,CLE,16,10,14.4,0.8,2.1,0.382,0.4,1.2,0.368,0.4,0.9,0.4,0.485,0.3,0.4,0.833,0.2,0.9,1.1,1.4,0.5,0,0.8,1.4,2.4
73,Kentavious Caldwell-Pope,SG,LAL,22,22,34.5,4.8,11.6,0.414,2.1,5.8,0.362,2.7,5.9,0.465,0.504,2,2.8,0.705,0.9,4.3,5.1,2.3,1.7,0.3,1.7,2,13.7
74,Isaiah Canaan,SG,HOU,1,0,4,0,1,0,0,0,,0,1,0,0,0,0,,0,1,1,0,0,0,0,0,0
75,Clint Capela,C,HOU,23,23,25.3,5.7,8.6,0.657,0,0,0,5.7,8.6,0.66,0.657,1.9,3,0.623,3.3,7.9,11.2,1.2,0.8,1.7,1.6,2.9,13.2
76,DeMarre Carroll,SF,BRK,22,22,29.7,4.4,10.5,0.416,1.9,5.2,0.365,2.5,5.3,0.466,0.506,3,4,0.739,1.7,5.4,7.1,1.8,1,0.5,1.5,2.4,13.6
77,Vince Carter,SF,SAC,15,0,12.2,1,3.3,0.306,0.6,1.9,0.321,0.4,1.4,0.286,0.398,0.2,0.4,0.5,0.1,1.1,1.2,0.7,0.4,0.3,0.4,1.3,2.8
78,Michael Carter-Williams,PG,CHO,12,2,17.8,1.3,5.3,0.25,0.3,1.1,0.308,1,4.3,0.235,0.281,2.2,2.7,0.813,0.9,2.1,3,2.8,1,0.3,1.4,2.1,5.2
79,Alex Caruso,PG,LAL,2,0,9.5,0.5,1,0.5,0,0,,0.5,1,0.5,0.5,0,0,,0,1,1,2,0,0,1,0,1
80,Omri Casspi,SF,GSW,22,4,14.6,2.3,4,0.575,0.3,0.5,0.583,2,3.4,0.573,0.615,1,1.4,0.767,0.4,3.5,3.9,1,0.3,0.5,0.7,1.5,5.9
81,Willie Cauley-Stein,C,SAC,23,16,24.6,4.2,8.4,0.5,0,0.3,0.167,4.2,8.2,0.511,0.503,1.7,2.4,0.709,1.7,4.2,5.9,2.2,0.8,1,1.5,2.1,10.2
82,Tyler Cavanaugh,PF,ATL,15,0,12.1,1.6,3.3,0.49,0.7,2,0.367,0.9,1.3,0.684,0.602,0.3,0.4,0.667,0.7,1.7,2.4,1.1,0.2,0.1,0.3,1.3,4.2
83,Mario Chalmers,PG,MEM,23,7,23.8,2.7,7.5,0.36,0.7,2.9,0.224,2,4.6,0.448,0.404,2,2.5,0.789,0.1,2.7,2.9,3.7,1.3,0.2,1.7,3,8
84,Tyson Chandler,C,PHO,19,19,25.9,3.1,4.7,0.656,0,0,,3.1,4.7,0.656,0.656,1.4,2.2,0.659,3.1,6.7,9.8,1,0.4,0.7,1.2,2.7,7.6
85,Wilson Chandler,SF,DEN,20,20,29.9,3.1,7.8,0.397,0.9,3.1,0.29,2.2,4.7,0.468,0.455,1.4,1.7,0.824,1.3,3.3,4.5,2.7,0.5,0.4,1.5,1.9,8.5
86,Marquese Chriss,PF,PHO,27,21,19.9,2.2,5.5,0.405,0.7,2.2,0.322,1.5,3.3,0.461,0.47,1,1.4,0.73,0.8,3.7,4.5,1.2,0.6,1.1,1.1,2.9,6.1
87,Ian Clark,SG,NOP,21,0,14.3,1.6,4.6,0.351,0.7,2.4,0.294,0.9,2.2,0.413,0.428,0.4,0.6,0.667,0.1,1.2,1.3,1.4,0.4,0,0.7,1.1,4.3
88,Jordan Clarkson,SG,LAL,24,0,22.5,5.8,12.1,0.481,1.3,3.5,0.376,4.5,8.6,0.524,0.536,1.9,2.5,0.763,0.8,2,2.8,2.8,0.7,0,1.9,1.5,14.9
89,Gian Clavell,SG,DAL,7,0,9.1,0.9,2.6,0.333,0.9,2.1,0.4,0,0.4,0,0.5,0.3,0.3,1,0.1,0.9,1,0.4,0.3,0,0.3,1.1,2.9
90,Antonius Cleveland,SG,DAL,7,0,3.6,0.3,0.7,0.4,0,0,,0.3,0.7,0.4,0.4,0.3,0.6,0.5,0.3,0.4,0.7,0.3,0.1,0,0.1,0.6,0.9
91,John Collins,PF,ATL,21,4,23,4.9,8.3,0.592,0,0,0,4.9,8.2,0.595,0.592,1.7,2.2,0.766,3.1,4,7.1,0.8,0.7,0.9,1.5,3.7,11.5
92,Zach Collins,C,POR,8,0,4.6,0.1,1.1,0.111,0.1,0.4,0.333,0,0.8,0,0.167,0,0,,0.3,0.5,0.8,0.3,0,0,0.8,1.3,0.4
93,Darren Collison,PG,IND,25,25,31.2,4.4,9.6,0.461,1.2,3.2,0.367,3.3,6.5,0.506,0.521,2.2,2.5,0.873,0.6,2.4,3.1,6.4,1.3,0.2,1.5,2,12.2
94,Nick Collison,PF,OKC,4,0,5.5,0.8,1,0.75,0,0,,0.8,1,0.75,0.75,0.5,0.5,1,0.8,1,1.8,0.8,0,0,0.5,0.3,2
95,Mike Conley,PG,MEM,12,12,31.1,5.3,14,0.381,2,6.4,0.312,3.3,7.6,0.44,0.452,4.4,5.5,0.803,0,2.3,2.3,4.1,1,0.3,1.5,2,17.1
96,Pat Connaughton,SG,POR,24,5,19.8,2.3,5,0.446,1.3,2.9,0.429,1,2.1,0.471,0.57,0.5,0.6,0.929,0.3,2.1,2.3,1.2,0.2,0.3,0.7,1.2,6.3
97,Quinn Cook,PG,GSW,4,1,10.3,1.5,3,0.5,0.5,1.5,0.333,1,1.5,0.667,0.583,0,0,,0.3,1,1.3,2,0,0,0.5,0.8,3.5
98,Charles Cooke,SG,NOP,2,0,2.5,0.5,2,0.25,0,1,0,0.5,1,0.5,0.25,0,0,,0,0,0,0.5,0.5,0,0,0,1
99,Jack Cooley,PF,SAC,1,0,2,0,1,0,0,0,,0,1,0,0,2,2,1,0,1,1,1,0,0,0,0,2
100,Matt Costello,C,SAS,1,0,11,1,1,1,0,0,,1,1,1,1,0,0,,0,5,5,0,0,2,0,3,2
101,DeMarcus Cousins,C,NOP,25,25,35.6,8.9,19.3,0.462,2.2,6.6,0.331,6.7,12.7,0.53,0.519,5.8,7.9,0.737,2.2,10.5,12.6,5.1,1.6,1.7,5,3.5,25.9
102,Robert Covington,PF,PHI,24,24,32,5.2,11.8,0.44,3.2,7.7,0.416,2,4,0.485,0.576,1.6,2,0.809,1.1,5.1,6.2,1.9,1.5,0.8,1.8,3.3,15.1
103,Allen Crabbe,SG,BRK,21,14,27.2,4.1,10,0.412,2.5,6.2,0.405,1.6,3.8,0.425,0.538,1.5,1.8,0.816,0.4,3.6,4,1.4,0.6,0.2,1.2,1.9,12.3
104,Torrey Craig,SF,DEN,1,0,6,0,1,0,0,1,0,0,0,,0,0,0,,0,1,1,0,0,0,0,0,0
105,Jamal Crawford,SG,MIN,26,0,17.5,3.2,8,0.399,1.2,3.5,0.352,2,4.5,0.436,0.476,1.6,1.7,0.932,0.2,0.9,1.1,2,0.5,0.1,1.2,1.1,9.2
106,Jordan Crawford,SG,NOP,2,0,18.5,3.5,7,0.5,2,2.5,0.8,1.5,4.5,0.333,0.643,0,0,,1,0.5,1.5,4.5,0,0.5,2,3,9
107,Jae Crowder,SF,CLE,25,22,25.6,2.7,7,0.386,1.2,3.7,0.323,1.5,3.3,0.458,0.472,1.8,2,0.882,0.7,2.3,3,1,0.7,0.1,1,2.1,8.4
108,Dante Cunningham,SF,NOP,25,19,23,2.1,5,0.413,0.8,2.8,0.3,1.2,2.2,0.554,0.496,0.5,0.8,0.6,1,3.1,4.1,0.7,0.6,0.3,0.3,1.8,5.5
109,Stephen Curry,PG,GSW,23,23,32.6,8.3,17.7,0.473,3.6,9.5,0.381,4.7,8.2,0.58,0.575,6,6.5,0.933,0.7,4.4,5.1,6.6,1.7,0.2,2.9,2.5,26.3
110,Troy Daniels,SG,PHO,27,0,15.4,2.2,5.2,0.429,1.8,4.1,0.429,0.4,1,0.429,0.6,0.3,0.3,0.875,0.1,1,1.1,0.4,0.3,0,0.6,1.3,6.5
111,Anthony Davis,PF,NOP,21,21,34.9,9.2,16,0.573,0.7,1.9,0.359,8.5,14.2,0.601,0.593,6.2,7.9,0.783,2.4,8.6,11,2.6,1.2,1.7,2.2,1.9,25.2
112,Deyonta Davis,C,MEM,11,0,11.7,1.6,2.7,0.6,0,0,,1.6,2.7,0.6,0.6,0.5,0.6,0.714,0.5,2.3,2.8,0.4,0.4,0.8,0.3,1.7,3.7
113,Ed Davis,PF,POR,24,0,17.3,1.8,3.6,0.483,0,0,,1.8,3.6,0.483,0.483,1.1,1.6,0.684,2.6,4.4,7,0.4,0.5,0.7,0.9,2.2,4.6
114,Dewayne Dedmon,C,ATL,20,20,24.4,4.6,7.7,0.601,0.7,1.5,0.483,3.9,6.2,0.629,0.647,1.2,1.6,0.719,2,5.8,7.8,1.4,0.4,0.9,1.8,3,11.1
115,Sam Dekker,SF,LAC,20,0,10.4,1.3,3.6,0.361,0.3,1.7,0.152,1.1,2,0.538,0.396,0.3,0.5,0.6,0.6,1.4,2,0.4,0.4,0.3,0.6,0.9,3.2
116,Malcolm Delaney,PG,ATL,18,2,19.5,1.8,4.8,0.379,0.7,1.9,0.371,1.1,2.9,0.385,0.454,1.1,1.5,0.704,0.3,1.6,1.9,1.9,0.8,0.1,1.2,1.3,5.4
117,Matthew Dellavedova,PG,MIL,13,1,20,1.9,5.1,0.379,0.8,2.2,0.379,1.1,2.8,0.378,0.462,0.8,0.8,0.909,0.5,1.6,2.2,3.2,0.2,0,1.6,1.8,5.5
118,Luol Deng,SF,LAL,1,1,13,1,2,0.5,0,0,,1,2,0.5,0.5,0,0,,0,0,0,1,1,0,1,0,2
119,DeMar DeRozan,SG,TOR,22,22,34.3,8.4,17.5,0.478,0.7,2.6,0.276,7.6,14.9,0.514,0.499,5.8,7.2,0.81,0.8,3.6,4.5,4.9,1.3,0.2,2.6,1.8,23.3
120,Cheick Diallo,PF,NOP,15,0,7.3,1.2,2.1,0.563,0,0,,1.2,2.1,0.563,0.563,0.2,0.4,0.5,0.5,1.7,2.2,0.2,0,0.1,0.5,1.3,2.6
121,Gorgui Dieng,C,MIN,23,0,17.1,2.7,5.1,0.521,0.2,1,0.227,2.4,4.1,0.589,0.543,1.3,1.8,0.756,1.7,3,4.6,1.3,0.6,0.1,1,2,6.9
122,Spencer Dinwiddie,PG,BRK,23,13,26,4,10.1,0.401,2,5,0.388,2.1,5,0.414,0.498,2.2,2.9,0.758,0.7,2.6,3.2,6.3,0.7,0.4,1.1,2.7,12.2
123,Tyler Dorsey,SG,ATL,8,0,6.3,0.8,2.1,0.353,0.5,1.5,0.333,0.3,0.6,0.4,0.471,0.4,0.5,0.75,0.1,0.9,1,0.4,0,0,0.5,0.1,2.4
124,Damyean Dotson,SG,NYK,16,2,9,1.1,2.6,0.439,0.4,1.1,0.333,0.8,1.4,0.522,0.512,0.1,0.2,0.667,0.2,1.3,1.5,0.4,0.1,0.1,0.2,0.6,2.8
125,Goran Dragic,PG,MIA,24,24,32,6.3,13.8,0.452,1.8,4.4,0.4,4.5,9.5,0.476,0.515,2.9,3.7,0.795,0.7,3.3,3.9,4.5,0.9,0.1,2.4,2.2,17.2
126,Andre Drummond,C,DET,24,24,33.5,5.8,10.4,0.556,0,0.1,0,5.8,10.3,0.56,0.556,3.1,5,0.622,5,10.2,15.3,4,1.6,1.2,3.1,3.5,14.7
127,Jared Dudley,PF,PHO,11,0,15.1,1.5,3.1,0.471,0.9,1.9,0.476,0.5,1.2,0.462,0.618,0.8,1,0.818,0.5,2.3,2.7,2.4,0.6,0.2,0.6,2.1,4.6
128,Kris Dunn,PG,CHI,19,10,27.4,5.2,11.7,0.439,1.1,2.4,0.444,4.1,9.4,0.438,0.484,0.8,1.4,0.577,0.7,4,4.7,4.5,1.9,0.3,3.2,3.2,12.2
129,Kevin Durant,SF,GSW,21,21,34.2,9.3,18,0.519,2.4,6,0.394,7,12,0.582,0.585,4,4.7,0.867,0.5,6.1,6.6,5.2,0.8,2,3.6,2.3,25.1
130,Henry Ellenson,PF,DET,9,0,9.3,1.7,4.3,0.385,0.8,2.1,0.368,0.9,2.2,0.4,0.474,0.1,0.1,1,0.1,2.4,2.6,0.6,0.3,0,0.7,0.8,4.2
131,Wayne Ellington,SG,MIA,24,0,19.8,2.7,6.5,0.41,2.4,5.9,0.411,0.3,0.6,0.4,0.596,0.6,0.7,0.938,0.2,1.7,1.9,1,0.6,0,0.4,0.9,8.4
132,Joel Embiid,C,PHI,21,21,30.2,8.2,17,0.486,0.7,2.7,0.263,7.5,14.2,0.528,0.507,6.3,8,0.79,2.5,8.6,11.1,3.2,0.7,2,4,3.6,23.5
133,James Ennis,SF,MEM,23,14,25.4,2.5,5,0.509,0.6,1.9,0.326,1.9,3.1,0.62,0.57,1.4,1.5,0.914,1.1,2.5,3.7,1.1,0.7,0.2,0.8,1.9,7
134,Tyler Ennis,PG,LAL,11,0,5.4,0.7,1.9,0.381,0,0.4,0,0.7,1.5,0.471,0.381,0.4,0.4,1,0.1,0.6,0.7,0.8,0.4,0.1,0.4,0.5,1.8
135,Jawun Evans,PG,LAC,16,0,12.6,1.6,4.4,0.357,0.2,1,0.188,1.4,3.4,0.407,0.379,1.1,1.4,0.783,0.1,1.3,1.4,1.4,0.5,0.1,0.8,1.7,4.4
136,Tyreke Evans,SG,MEM,24,5,29.3,6.5,13.6,0.475,1.9,4.5,0.43,4.5,9.1,0.498,0.546,2.8,3.7,0.773,0.9,3.9,4.8,4,1,0.5,2,1.7,17.7
137,Kenneth Faried,PF,DEN,21,7,15,2.7,4.7,0.571,0,0,0,2.7,4.6,0.577,0.571,1.3,1.8,0.711,1.9,2.9,4.7,0.4,0.3,0.3,0.6,1.4,6.6
138,Derrick Favors,PF,UTA,26,26,27.8,5.2,9.3,0.56,0.2,0.6,0.25,5.1,8.7,0.581,0.568,2,2.8,0.722,2.3,4.4,6.7,1.8,0.8,1,1.5,2.2,12.6
139,Kay Felder,PG,CHI,13,0,10,1.5,5,0.308,0.3,1.4,0.222,1.2,3.6,0.34,0.338,0.8,0.9,0.917,0.1,1,1.1,1.5,0.2,0.1,1.2,0.8,4.2
140,Cristiano Felicio,C,CHI,20,0,15.3,1.8,2.9,0.621,0,0,,1.8,2.9,0.621,0.621,0.5,0.9,0.556,1.2,1.8,3,0.7,0.2,0.2,0.8,2.1,4.1
141,Raymond Felton,PG,OKC,24,0,16.7,2.7,6.2,0.436,0.7,2.1,0.34,2,4.1,0.485,0.493,0.5,0.7,0.688,0.2,1.5,1.7,2.3,0.7,0.1,0.6,1.1,6.6
142,Terrance Ferguson,SG,OKC,15,0,6.9,0.5,1.4,0.333,0.1,0.7,0.091,0.4,0.7,0.6,0.357,0.1,0.1,0.5,0.1,0.2,0.3,0.1,0.2,0.1,0.2,1,1.1
143,Yogi Ferrell,SG,DAL,25,8,28.1,3.2,7.6,0.416,1.4,3.8,0.372,1.8,3.8,0.458,0.508,1.6,2,0.804,0.3,2.5,2.8,1.9,0.8,0.1,1.3,2.1,9.4
144,Dorian Finney-Smith,PF,DAL,8,1,11.8,1.3,2.8,0.455,0.6,1.8,0.357,0.6,1,0.625,0.568,0.1,0.3,0.5,0.6,0.6,1.3,0.6,0,0.1,0.9,1.6,3.3
145,Bryn Forbes,SG,SAS,25,1,16.6,2.5,5.7,0.444,1.2,2.8,0.443,1.3,2.9,0.444,0.553,0.3,0.6,0.467,0.3,1,1.3,0.8,0.2,0.1,0.4,1.2,6.6
146,Evan Fournier,SF,ORL,26,26,32.5,6.7,14,0.478,2.3,5.5,0.415,4.4,8.5,0.518,0.559,2.7,3.1,0.864,0.5,2.7,3.2,3,1.1,0.3,1.9,2.4,18.3
147,De'Aaron Fox,PG,SAC,24,11,26.2,4.1,10.2,0.406,0.4,1.4,0.273,3.8,8.8,0.427,0.424,1.5,2.1,0.7,0.5,2.6,3.2,4.1,0.8,0.3,2.3,2.3,10.1
148,Tim Frazier,PG,WAS,25,9,18,1.5,3.6,0.427,0.4,1.2,0.323,1.1,2.3,0.483,0.483,0.6,0.6,0.875,0.3,2,2.3,3.7,1,0.1,1.5,1.9,4
149,Channing Frye,C,CLE,23,0,12.8,1.8,3.5,0.513,0.7,1.9,0.349,1.1,1.6,0.703,0.606,0.2,0.2,1,0.2,2.4,2.7,0.7,0.3,0.2,0.4,1.6,4.4
150,Markelle Fultz,SG,PHI,4,0,19,2.3,6.8,0.333,0,0,,2.3,6.8,0.333,0.333,1.5,3,0.5,0.8,1.5,2.3,1.8,0.5,0.3,1.5,1.5,6
151,Danilo Gallinari,SF,LAC,10,10,31.3,4,12,0.333,1.4,5.5,0.255,2.6,6.5,0.4,0.392,2.8,2.9,0.966,0.2,4.3,4.5,2.7,0.7,0.2,1.4,1.5,12.2
152,Langston Galloway,SG,DET,22,0,13.6,2.1,5.1,0.407,1.3,3.5,0.377,0.8,1.6,0.472,0.535,0.5,0.5,0.833,0.1,1.5,1.6,0.7,0.4,0.1,0.3,0.7,6
153,Marc Gasol,C,MEM,24,24,34.7,6.6,15.6,0.421,1.4,4.2,0.327,5.2,11.4,0.456,0.465,4.3,5.2,0.839,1.1,7.7,8.8,4.2,0.6,1.6,3,2.3,18.9
154,Pau Gasol,C,SAS,25,25,25.3,4.2,8.6,0.486,0.9,2.1,0.434,3.2,6.4,0.503,0.54,2,2.4,0.803,1.4,6.3,7.7,3.2,0.4,1.3,1.4,1.6,11.2
155,Rudy Gay,SF,SAS,23,2,22.8,4.6,9.7,0.469,0.7,2.2,0.314,3.9,7.5,0.514,0.504,2.3,2.9,0.806,1.3,4.1,5.3,1.7,1,0.6,1.7,2,12.2
156,Paul George,SF,OKC,23,23,37.1,7.2,17.3,0.416,3,7.5,0.407,4.1,9.8,0.422,0.504,3.3,4,0.815,0.8,5,5.8,3.3,2.5,0.6,2.8,2.9,20.7
157,Marcus Georges-Hunt,SG,MIN,9,0,1.7,0.2,0.4,0.5,0,0.1,0,0.2,0.3,0.667,0.5,0,0,,0.1,0,0.1,0.1,0.1,0,0.1,0.2,0.4
158,Taj Gibson,PF,MIN,26,26,33.2,4.5,8.3,0.549,0.2,0.7,0.278,4.3,7.6,0.574,0.56,2.1,2.5,0.833,2.8,5.6,8.3,1.6,0.9,0.6,1.4,2.6,11.4
159,Manu Ginobili,SG,SAS,21,0,20.9,2.9,7.1,0.407,0.9,3,0.297,2,4.1,0.488,0.47,1.6,1.9,0.872,0.3,1.9,2.2,2.4,0.7,0.2,1.9,2.1,8.3
160,Rudy Gobert,C,UTA,15,15,32.1,4.5,7.4,0.604,0,0,,4.5,7.4,0.604,0.604,3.2,4.5,0.706,2.7,7.3,10.1,1.3,0.7,2.3,2.2,2.7,12.1
161,Aaron Gordon,PF,ORL,24,24,33.9,6.6,13.3,0.495,2.3,5.5,0.406,4.3,7.8,0.559,0.58,3.3,4.3,0.765,1.5,6.8,8.3,2.2,1,0.9,1.5,1.9,18.7
162,Eric Gordon,SG,HOU,21,13,31.5,6,15.2,0.392,3,9.9,0.309,2.9,5.3,0.545,0.492,4,4.7,0.838,0.2,2,2.1,2.6,0.7,0.4,2.4,1.9,18.9
163,Marcin Gortat,C,WAS,25,25,29,3.9,7.5,0.524,0,0,,3.9,7.5,0.524,0.524,1.4,2.1,0.66,2.2,6.4,8.6,2,0.7,0.6,1.4,2.2,9.2
164,Treveon Graham,SG,CHO,13,0,17.2,1.5,3.8,0.4,0.5,1.5,0.316,1.1,2.4,0.452,0.46,0.5,0.8,0.7,0.8,1.4,2.2,1.3,0.7,0,0.5,2,4.1
165,Jerami Grant,PF,OKC,23,1,22.3,3,6,0.511,0.4,1.6,0.278,2.6,4.4,0.594,0.547,1.9,2.7,0.705,1.3,2.6,3.8,0.9,0.7,0.9,0.9,2.1,8.4
166,Jerian Grant,PG,CHI,23,14,24.7,3.1,7.5,0.413,0.8,2.6,0.305,2.3,4.9,0.469,0.465,2,2.5,0.776,0.6,2.2,2.8,4.9,0.8,0.1,1.5,1.8,8.9
167,Danny Green,SG,SAS,24,24,28.8,3.7,9,0.414,1.8,4.8,0.374,1.9,4.2,0.46,0.514,0.5,0.6,0.733,0.5,3.5,4,2.1,1.1,1.2,1.5,1.3,9.7
168,Draymond Green,PF,GSW,24,24,32,3.6,7.8,0.46,1.3,3.6,0.349,2.3,4.2,0.554,0.54,2,2.6,0.762,1.1,6.2,7.3,7.1,1.5,1.3,2.8,2.8,10.4
169,JaMychal Green,PF,MEM,12,12,26.3,4.2,8,0.521,0.9,2.3,0.407,3.3,5.8,0.565,0.578,1.4,1.8,0.773,1.6,3.9,5.5,1.1,0.4,0.1,1.2,2.7,10.7
170,Jeff Green,PF,CLE,25,0,21.2,3.8,7.5,0.505,0.6,1.8,0.311,3.2,5.7,0.566,0.543,2.3,2.8,0.841,0.9,2.5,3.4,1.6,0.7,0.3,1,2,10.5
171,Blake Griffin,PF,LAC,19,19,35.8,7.9,18.6,0.425,2.2,6.1,0.353,5.7,12.5,0.46,0.483,5.6,7.2,0.781,1.3,6.6,7.9,5.1,0.9,0.3,3,2.5,23.6
172,Daniel Hamilton,SG,OKC,1,0,4,0,1,0,0,0,,0,1,0,0,0,0,,0,0,0,0,0,0,0,0,0
173,Tim Hardaway,SG,NYK,21,21,34.1,6.3,15.1,0.42,2.3,7.2,0.316,4,7.9,0.515,0.495,2.9,3.6,0.8,0.8,3.4,4.2,3.3,1.1,0.2,1.7,2.2,17.8
174,James Harden,SG,HOU,23,23,35.9,9.6,21,0.457,4.4,11,0.402,5.2,10,0.517,0.562,8,9.1,0.871,0.6,4.5,5.1,9.4,1.7,0.4,4.5,2.6,31.6
175,Maurice Harkless,SF,POR,24,19,23,2,4.8,0.414,0.4,1.6,0.256,1.6,3.2,0.494,0.457,0.8,1,0.75,0.8,2.4,3.2,0.6,0.8,0.9,0.8,1.7,5.2
176,Montrezl Harrell,C,LAC,17,2,10.7,2.2,3.4,0.638,0,0,,2.2,3.4,0.638,0.638,0.8,1.2,0.65,1.2,1.9,3.1,0.6,0.3,0.4,0.4,1.2,5.1
177,Devin Harris,PG,DAL,19,1,18.7,2.9,6.8,0.426,0.9,2.7,0.346,1.9,4.1,0.481,0.496,2.3,2.8,0.796,0.4,1.7,2.1,2,0.8,0.2,0.8,2.8,9
178,Gary Harris,SG,DEN,22,22,33.5,5.7,12.1,0.472,2.5,6,0.412,3.3,6.2,0.529,0.573,1.4,1.8,0.769,0.7,2,2.7,2.8,2,0.4,1.7,2,15.3
179,Joe Harris,SG,BRK,23,3,23.8,3.6,7.9,0.456,2.2,5.5,0.397,1.4,2.4,0.589,0.593,0.8,1.2,0.704,0.5,2.3,2.8,1.3,0.6,0.3,0.9,2.1,10.2
180,Tobias Harris,PF,DET,24,24,33.3,7.3,15,0.482,2.9,6.2,0.463,4.4,8.8,0.495,0.578,1.8,2,0.896,1,4.3,5.3,1.5,0.7,0.2,0.8,1.9,19.2
181,Andrew Harrison,PG,MEM,18,8,16.4,1.8,4.8,0.379,0.6,2.1,0.289,1.2,2.7,0.449,0.443,1.3,1.6,0.857,0.3,1.4,1.7,1.6,0.6,0.3,1,1.5,5.6
182,Josh Hart,SG,LAL,19,0,14.1,1.2,2.7,0.423,0.4,1.3,0.333,0.7,1.5,0.5,0.5,0.5,0.7,0.714,0.4,1.8,2.2,0.5,0.6,0.2,0.4,0.9,3.3
183,Udonis Haslem,C,MIA,2,0,4.5,0.5,0.5,1,0,0,,0.5,0.5,1,1,0,0,,0,0.5,0.5,0,0,0,0,0,1
184,Gordon Hayward,SF,BOS,1,1,5,1,2,0.5,0,1,0,1,1,1,0.5,0,0,,0,1,1,0,0,0,0,1,2
185,John Henson,C,MIL,22,15,23.3,3.1,5.5,0.566,0,0.1,0,3.1,5.5,0.575,0.566,0.9,1.9,0.476,1.9,4.8,6.6,1.4,0.4,1.5,1.4,2.8,7.2
186,Juan Hernangomez,PF,DEN,13,3,14.4,1.5,3.6,0.404,0.8,2.5,0.344,0.6,1.2,0.533,0.521,0.4,0.5,0.714,0.9,1.8,2.7,0.6,0.2,0.2,0.3,1.3,4.2
187,Willy Hernangomez,C,NYK,14,0,10.9,2.5,4.4,0.574,0.1,0.3,0.25,2.4,4.1,0.596,0.582,0.3,1.1,0.267,1.4,2.3,3.6,0.9,0.4,0.4,1.4,1.8,5.4
188,Mario Hezonja,SF,ORL,19,0,9.8,1.2,2.8,0.415,0.4,1.3,0.32,0.7,1.5,0.5,0.491,0.2,0.2,0.75,0.4,1.4,1.8,0.6,0.4,0.1,0.7,0.8,2.9
189,Buddy Hield,SG,SAC,22,7,22.4,4.6,10.3,0.445,1.9,4.1,0.451,2.7,6.2,0.441,0.535,1,1.1,0.88,0.7,3,3.7,1.6,1.2,0.2,1.4,1.9,12
190,Nene Hilario,C,HOU,16,0,14.4,2.9,4.4,0.662,0,0.1,0,2.9,4.3,0.681,0.662,2.1,2.8,0.75,0.8,2.4,3.2,1.1,0.6,0.4,1.2,2.7,7.9
191,George Hill,PG,SAC,22,22,25.8,3.3,7.4,0.444,1.1,2.5,0.436,2.2,4.9,0.449,0.519,1.3,1.7,0.784,0.4,2.5,3,2.4,0.9,0.3,1.2,1.6,9
192,Darrun Hilliard,SG,SAS,3,0,8.7,0.3,1.7,0.2,0,0.7,0,0.3,1,0.333,0.2,0,0,,0,0.7,0.7,0.3,0.3,0,1,1.3,0.7
193,Jrue Holiday,PG,NOP,25,25,36.4,6.7,14.4,0.468,1.3,4.8,0.275,5.4,9.6,0.565,0.514,2,2.3,0.845,0.6,3.6,4.3,5.6,1.2,0.4,2.6,2.5,16.7
194,Justin Holiday,SG,CHI,22,22,34.4,4.9,13.3,0.366,2.7,7.5,0.355,2.2,5.7,0.381,0.467,1.9,2.5,0.778,0.5,3.7,4.2,2.1,1.2,0.6,1.2,2,14.3
195,John Holland,SF,CLE,4,0,4.3,0.3,1,0.25,0.3,0.5,0.5,0,0.5,0,0.375,0,0,,0,0.5,0.5,0,0,0,0.3,0,0.8
196,Rondae Hollis-Jefferson,SF,BRK,21,20,27.3,5,10.4,0.482,0.2,0.9,0.278,4.8,9.5,0.5,0.493,4,5,0.808,1.3,4.2,5.5,2,0.9,0.7,1.5,1.9,14.2
197,Richaun Holmes,C,PHI,10,1,13.1,2.2,3.9,0.564,0.1,0.8,0.125,2.1,3.1,0.677,0.577,1,1.4,0.714,1.1,2.7,3.8,0.7,0.3,0.3,0.3,2,5.5
198,Rodney Hood,SG,UTA,18,9,28.3,6.2,14.7,0.419,2.8,7.1,0.402,3.3,7.7,0.435,0.515,2.6,2.8,0.92,0.3,2.3,2.6,1.8,0.7,0.2,1.9,1.9,17.7
199,Al Horford,C,BOS,24,24,32.5,5.6,10.3,0.549,1.5,3.3,0.456,4.1,7,0.593,0.622,1.5,2,0.787,1.3,6.8,8,5.4,0.6,1.1,2.2,1.7,14.3
200,Dwight Howard,C,CHO,23,23,29.1,5.6,10,0.558,0,0,0,5.6,10,0.561,0.558,3.9,7.8,0.497,3.6,8.5,12.1,1.2,0.5,1.1,3.7,3.3,15.1
201,Josh Huestis,PF,OKC,18,0,11.2,0.7,2.6,0.283,0.6,1.9,0.294,0.2,0.7,0.25,0.391,0.1,0.3,0.333,0.4,1.2,1.6,0.4,0.3,0.5,0.6,1.6,2.1
202,Vince Hunter,PF,MEM,1,0,3,1,1,1,0,0,,1,1,1,1,0,0,,1,1,2,0,0,0,1,0,2
203,Serge Ibaka,PF,TOR,20,20,27.2,4.9,9.9,0.495,1.5,4.3,0.349,3.4,5.6,0.607,0.571,1,1.5,0.655,0.8,5,5.7,0.6,0.4,1.4,1.2,3,12.3
204,Andre Iguodala,SF,GSW,22,1,26.1,2.4,5,0.473,0.5,1.9,0.268,1.9,3.1,0.594,0.523,1,1.6,0.639,1,2.8,3.8,3,0.8,0.6,0.8,1.2,6.3
205,Ersan Ilyasova,PF,ATL,13,7,21.3,2.5,6.9,0.356,0.8,3.3,0.256,1.6,3.6,0.447,0.417,0.8,1,0.769,1.5,3.5,5,0.8,1.3,0.3,0.4,2.4,6.5
206,Joe Ingles,SF,UTA,26,26,29.8,3.7,8.3,0.447,2.6,5.7,0.456,1.1,2.6,0.426,0.604,0.5,0.6,0.875,0.3,3.6,3.8,4,1.2,0.2,1.7,2.1,10.6
207,Brandon Ingram,SF,LAL,24,24,33.8,6,13.2,0.454,0.5,1.6,0.333,5.5,11.6,0.471,0.475,3.6,5.4,0.669,1,4.5,5.5,3,0.9,0.8,2.5,3.2,16.2
208,Kyrie Irving,PG,BOS,25,25,31.8,8.7,17.8,0.49,2.1,5.7,0.373,6.6,12.1,0.545,0.549,4,4.6,0.868,0.5,2.6,3.1,5,1.5,0.3,2.3,2.1,23.5
209,Jonathan Isaac,PF,ORL,12,2,19.9,2.3,5.1,0.459,0.4,1.4,0.294,1.9,3.7,0.523,0.5,1,1.2,0.857,0.9,3.5,4.4,0.8,0.7,1.3,1,2.1,6.1
210,Wesley Iwundu,SF,ORL,8,0,5.1,0.5,1.8,0.286,0,0,,0.5,1.8,0.286,0.286,0.1,0.4,0.333,0.1,0.8,0.9,0.5,0.1,0,0.4,0.5,1.1
211,Jarrett Jack,PG,NYK,22,21,26,2.5,6,0.421,0.4,1.1,0.32,2.2,4.9,0.444,0.451,0.4,0.5,0.75,0.2,3.1,3.3,6.1,0.5,0,1.7,1.5,5.9
212,Demetrius Jackson,PG,HOU,12,0,5.3,0.3,1.2,0.286,0,0.5,0,0.3,0.7,0.5,0.286,0,0,,0.3,0.6,0.9,0.4,0.3,0.1,0.8,0.5,0.7
213,Josh Jackson,SF,PHO,27,5,21.6,3.5,8.9,0.392,0.6,2.4,0.242,2.9,6.4,0.448,0.425,1.7,3.1,0.541,0.8,2.7,3.5,1.1,1.2,0.2,1.9,2.8,9.3
214,Justin Jackson,SF,SAC,17,5,18.2,2.5,6.2,0.406,0.9,2.7,0.326,1.6,3.5,0.467,0.476,0.4,0.6,0.6,0.4,1.2,1.6,0.4,0.2,0.1,0.8,0.9,6.3
215,Reggie Jackson,PG,DET,24,24,28.1,6,12.6,0.479,1.5,3.8,0.38,4.6,8.8,0.521,0.536,2.8,3.3,0.85,0.8,2.1,2.9,5.5,0.8,0,2.5,2.2,16.4
216,LeBron James,PF,CLE,25,25,37.2,11,18.7,0.587,2.1,4.8,0.43,8.9,13.8,0.642,0.642,4.2,5.5,0.761,1.2,6.8,8,8.6,1.4,1.2,4.1,1.7,28.2
217,Mike James,PG,PHO,27,10,21.5,3.7,9.8,0.377,0.8,3.1,0.262,2.9,6.7,0.431,0.419,2,2.6,0.771,0.4,2.5,2.9,3.8,0.9,0.3,1.6,1.4,10.2
218,Al Jefferson,C,IND,10,0,13.9,3.1,5.7,0.544,0,0.1,0,3.1,5.6,0.554,0.544,1,1.2,0.833,1.1,3.6,4.7,1.1,0.5,0.7,0.8,1.8,7.2
219,Richard Jefferson,SF,DEN,8,0,7,0.5,1.6,0.308,0.1,0.6,0.2,0.4,1,0.375,0.346,0.3,0.6,0.4,0,0.4,0.4,0.9,0,0,0,0.4,1.4
220,Jonas Jerebko,PF,UTA,21,10,16.9,2.3,4.7,0.495,1.1,2.4,0.46,1.2,2.3,0.531,0.611,0.4,0.5,0.8,0.9,2.9,3.7,0.8,0.4,0.1,0.4,2,6.1
221,Amir Johnson,C,PHI,22,2,15.1,1.8,3.7,0.494,0,0.5,0.091,1.8,3.2,0.557,0.5,0.5,1.1,0.417,2,3.5,5.5,1.2,0.6,0.9,0.9,2.8,4.1
222,Brice Johnson,PF,LAC,7,0,4,0.7,1.1,0.625,0,0.1,0,0.7,1,0.714,0.625,0.3,0.3,1,0.1,1.1,1.3,0.1,0.6,0.1,0.4,1,1.7
223,Dakari Johnson,C,OKC,11,3,6.9,0.9,1.9,0.476,0,0,,0.9,1.9,0.476,0.476,0.6,1.1,0.583,0.7,0.5,1.2,0.5,0.3,0.4,0.2,1.5,2.5
224,James Johnson,PF,MIA,23,6,27.4,4.1,8.3,0.492,1,2.7,0.365,3.1,5.6,0.555,0.552,1.8,2.7,0.689,0.9,4.2,5.1,4.2,1,0.7,2.7,2.9,11
225,Joe Johnson,SF,UTA,7,0,19.1,2.6,6.6,0.391,0.3,2.4,0.118,2.3,4.1,0.552,0.413,0.9,1,0.857,0.6,2.1,2.7,1.6,0.6,0.3,1.4,1,6.3
226,Stanley Johnson,SF,DET,21,20,29.9,2.8,7.6,0.363,1.1,3.8,0.291,1.7,3.9,0.432,0.434,1.1,1.5,0.719,0.3,3.3,3.7,1.4,1.2,0.2,1,2.6,7.7
227,Tyler Johnson,PG,MIA,23,0,27.2,3.5,9,0.385,1.6,4.5,0.346,1.9,4.5,0.423,0.471,1.8,2,0.911,0.4,2.7,3.1,2,0.7,0.7,1.2,2.1,10.3
228,Wesley Johnson,SF,LAC,23,14,25.9,2.9,6.6,0.434,1,3.1,0.319,1.9,3.5,0.538,0.51,0.8,1.1,0.72,0.5,3,3.5,1.1,1,1.1,1,2.5,7.5
229,Nikola Jokic,C,DEN,21,21,29.4,5.9,11.5,0.51,1.3,3.3,0.406,4.5,8.2,0.552,0.568,2.4,2.8,0.864,2.6,8,10.6,4.6,1.4,0.6,2.2,2.4,15.5
230,Derrick Jones,SF,PHO,6,0,5.5,0.3,0.7,0.5,0,0.3,0,0.3,0.3,1,0.5,0.8,1,0.833,0.3,0.3,0.7,0.5,0.2,0.7,0.2,0.3,1.5
231,Jalen Jones,SF,NOP,3,0,3.3,0.3,1,0.333,0.3,0.3,1,0,0.7,0,0.5,0.7,0.7,1,0,0.7,0.7,0,0,0,0,0.3,1.7
232,Tyus Jones,PG,MIN,26,3,17.3,1.4,3.3,0.424,0.5,1.3,0.382,0.9,2,0.451,0.5,0.7,0.8,0.773,0.2,1.7,1.9,2.8,1.1,0.1,0.6,1.1,3.9
233,DeAndre Jordan,C,LAC,23,23,32.4,4.6,6.7,0.686,0,0,,4.6,6.7,0.686,0.686,1.6,2.7,0.587,4.9,9.3,14.2,0.9,0.5,1.1,1.9,2.9,10.7
234,Cory Joseph,PG,IND,25,0,24.6,2.8,6.8,0.412,1.2,2.6,0.453,1.6,4.2,0.387,0.497,1,1.2,0.897,0.2,2.4,2.6,3,1.1,0.2,1.1,1.4,7.8
235,Frank Kaminsky,PF,CHO,22,0,23.3,3.9,9.2,0.424,1.1,3.3,0.342,2.8,5.9,0.469,0.485,1.6,2.1,0.766,0.5,3.4,4,1.4,0.3,0.2,0.9,1.3,10.6
236,Enes Kanter,C,NYK,21,21,26,5.9,9.5,0.618,0,0,0,5.9,9.4,0.621,0.618,2.1,2.3,0.917,3.8,6.7,10.5,1.3,0.6,0.5,1.8,2.5,13.8
237,Luke Kennard,SG,DET,19,0,16.2,2.4,5.6,0.425,1,2.4,0.413,1.4,3.2,0.433,0.514,0.6,0.8,0.733,0.1,1.4,1.5,1.2,0.6,0.1,1.1,0.9,6.3
238,Michael Kidd-Gilchrist,SF,CHO,17,17,25.8,3.9,8.2,0.475,0,0.1,0,3.9,8.1,0.478,0.475,1.1,1.5,0.731,1,3.3,4.3,0.6,0.6,0.8,0.4,2,8.9
239,Sean Kilpatrick,SG,BRK,16,0,11.4,1.6,5.4,0.291,0.7,2.6,0.262,0.9,2.8,0.318,0.355,1.1,1.2,0.947,0.1,2.1,2.2,0.9,0.1,0.1,1,0.5,4.9
240,Maxi Kleber,PF,DAL,19,10,15.7,2,3.7,0.535,0.4,1.3,0.28,1.6,2.4,0.674,0.585,0.5,0.8,0.667,1.1,2.1,3.2,0.4,0.3,0.5,0.4,1.5,4.9
241,Furkan Korkmaz,SG,PHI,5,0,2.4,0.2,1.2,0.167,0,0.8,0,0.2,0.4,0.5,0.167,0.4,0.4,1,0.2,0.4,0.6,0.2,0.2,0,0,0.2,0.8
242,Kyle Korver,SG,CLE,25,0,22.3,3.4,7.2,0.475,2.6,5.8,0.438,0.9,1.4,0.629,0.652,1.1,1.3,0.844,0.1,2,2.2,1,0.4,0.4,0.7,1.8,10.5
243,Kosta Koufos,C,SAC,24,1,18.4,2.1,3.9,0.538,0,0,,2.1,3.9,0.538,0.538,0.6,1.4,0.455,1.6,4,5.6,1.1,0.5,0.6,0.6,1.7,4.8
244,Kyle Kuzma,PF,LAL,23,11,30.4,6.2,12.7,0.49,1.7,4.4,0.376,4.6,8.3,0.55,0.555,2.1,2.7,0.762,1.5,4.9,6.3,1.5,0.4,0.1,2,2,16.2
245,Mindaugas Kuzminskas,SF,NYK,1,0,2,0,2,0,0,0,,0,2,0,0,0,0,,0,0,0,0,0,0,0,0,0
246,Skal Labissiere,PF,SAC,23,9,17.1,3,6.9,0.443,0.2,0.4,0.444,2.9,6.5,0.443,0.456,1.4,1.7,0.8,1.3,2.7,4,0.7,0.4,0.7,1.1,2.2,7.7
247,Jeremy Lamb,SG,CHO,23,13,28,5.5,12.3,0.447,1.3,3.7,0.357,4.2,8.6,0.485,0.5,3,3.5,0.863,0.4,4.6,5,3.2,0.9,0.4,1.7,2,15.3
248,Shane Larkin,PG,BOS,18,0,9.9,0.9,3.3,0.283,0.4,1.4,0.32,0.5,1.9,0.257,0.35,0.6,0.7,0.917,0.1,0.8,0.8,1.2,0.4,0,0.2,1,2.9
249,Joffrey Lauvergne,C,SAS,12,0,11.3,1.5,3.5,0.429,0,0.3,0,1.5,3.3,0.462,0.429,0.5,0.8,0.6,1.4,2.2,3.6,0.8,0.3,0,0.8,1.6,3.5
250,Jake Layman,SF,POR,10,0,4.8,0.6,1.6,0.375,0.2,0.6,0.333,0.4,1,0.4,0.438,0,0,,0,0.5,0.5,0.2,0.3,0.2,0,0.5,1.4
251,T.J. Leaf,PF,IND,21,0,10.8,1.5,3.3,0.457,0.5,1,0.455,1,2.3,0.458,0.529,0.1,0.3,0.429,0.7,1.2,1.9,0.2,0.2,0.1,0.3,1.2,3.7
252,Courtney Lee,SG,NYK,24,24,32.5,5,10,0.498,1.7,3.6,0.465,3.3,6.4,0.516,0.582,1.5,1.7,0.925,0.5,3.1,3.6,2.9,1.4,0.1,1.3,1.4,13.1
253,Alex Len,C,PHO,23,2,22.2,3,6,0.507,0,0,,3,6,0.507,0.507,2.9,3.9,0.753,3.1,5.9,9,0.8,0.3,1,1.3,2.3,9
254,Meyers Leonard,PF,POR,9,0,10.1,2.2,3.8,0.588,0.7,1.3,0.5,1.6,2.4,0.636,0.676,0.6,0.8,0.714,0.4,2.2,2.7,0.4,0.2,0,0.2,1.7,5.7
255,Jon Leuer,PF,DET,8,0,17,1.9,4.5,0.417,0,0.4,0,1.9,4.1,0.455,0.417,1.6,1.9,0.867,0.9,3.1,4,0.6,0.1,0.4,1,2,5.4
256,Caris LeVert,SF,BRK,24,8,26.1,4.2,9.9,0.422,1,3.5,0.282,3.2,6.3,0.5,0.473,1.7,2.6,0.651,0.5,3.3,3.8,3.6,1.3,0.5,2.1,2.4,11
257,DeAndre Liggins,SG,MIL,20,0,16.1,0.9,2.6,0.333,0.5,1.5,0.333,0.4,1.1,0.333,0.431,0.1,0.3,0.4,0.1,1.3,1.4,0.8,0.9,0.4,0.6,1.8,2.3
258,Damian Lillard,PG,POR,24,24,37,8.2,19.4,0.422,2.6,7.8,0.332,5.6,11.6,0.482,0.488,6.8,7.3,0.926,1.1,4.1,5.2,6.3,1,0.5,3,1.5,25.7
259,Jeremy Lin,PG,BRK,1,1,25,5,12,0.417,1,2,0.5,4,10,0.4,0.458,7,7,1,0,0,0,4,0,0,3,3,18
260,Shaun Livingston,PG,GSW,23,1,15.2,2.1,4.3,0.485,0,0,0,2.1,4.3,0.49,0.485,0.5,0.6,0.786,0.7,1.2,1.8,2,0.4,0.3,0.8,1.5,4.7
261,Kevon Looney,C,GSW,19,0,10.5,1.3,2.3,0.545,0,0,,1.3,2.3,0.545,0.545,0.4,0.9,0.444,0.9,1.8,2.8,0.4,0.4,0.8,0.6,1.9,2.9
262,Brook Lopez,C,LAL,24,24,23,4.9,11,0.445,1.2,4,0.295,3.8,7.1,0.529,0.498,2.2,2.8,0.791,1.3,3.3,4.5,1.7,0.4,1.7,1.7,3,13.2
263,Robin Lopez,C,CHI,23,23,29.9,5.9,11.3,0.519,0.1,0.3,0.286,5.8,11,0.526,0.523,1.5,1.9,0.773,2.8,2.7,5.5,2.1,0.3,0.8,1.8,2.1,13.3
264,Kevin Love,C,CLE,25,25,29.4,6.1,13,0.471,1.9,5,0.373,4.2,8,0.533,0.543,5,5.6,0.9,2.5,8,10.5,1.8,0.7,0.4,2,2.4,19.2
265,Kyle Lowry,PG,TOR,22,22,32.8,5.4,11.8,0.458,3.1,7.4,0.417,2.3,4.4,0.526,0.588,2.7,3,0.894,0.6,5.6,6.3,7.1,0.9,0.1,2.6,2.4,16.6
266,Timothe Luwawu-Cabarrot,SF,PHI,23,0,16.5,2.3,5.8,0.403,1,3.3,0.32,1.3,2.6,0.508,0.493,1.1,1.5,0.743,0.4,1.3,1.8,0.9,0.3,0,0.9,2.1,6.9
267,Tyler Lydon,PF,DEN,1,0,2,0,0,,0,0,,0,0,,,0,0,,0,0,0,0,0,0,0,0,0
268,Trey Lyles,PF,DEN,19,0,12.3,2.1,4.2,0.494,0.7,1.6,0.433,1.4,2.6,0.531,0.576,0.8,1.1,0.8,0.7,2.4,3.2,0.7,0.3,0.5,0.6,0.7,5.6
269,Shelvin Mack,PG,ORL,19,2,17.2,1.6,4.2,0.38,0.4,1.3,0.292,1.2,2.9,0.418,0.424,0.6,0.9,0.706,0.3,1.6,1.9,4.4,0.6,0.1,0.9,0.9,4.2
270,Josh Magette,PG,ATL,8,0,8,0.5,1.5,0.333,0.1,0.5,0.25,0.4,1,0.375,0.375,0.5,0.5,1,0.1,0.6,0.8,2.1,0.3,0,0.3,0.8,1.6
271,Ian Mahinmi,C,WAS,25,0,14.7,1.2,2.6,0.462,0,0,,1.2,2.6,0.462,0.462,1,1.4,0.743,1.9,2,3.9,0.5,0.5,0.4,1.2,3.2,3.4
272,Thon Maker,C,MIL,23,8,18.7,1.6,4.2,0.381,0.4,1.5,0.286,1.2,2.7,0.435,0.433,0.7,1,0.652,0.9,2.3,3.3,0.7,0.7,0.7,0.7,2.6,4.3
273,Boban Marjanovic,C,DET,5,0,6,1.8,3,0.6,0,0,,1.8,3,0.6,0.6,1.6,2.4,0.667,1,0.6,1.6,0.2,0.4,0.2,1.6,2,5.2
274,Lauri Markkanen,PF,CHI,23,23,30.6,5,12.8,0.39,2.3,6.8,0.331,2.7,6,0.457,0.478,2,2.5,0.825,1.1,6.8,7.9,1.4,0.6,0.6,1.4,1.8,14.3
275,Jarell Martin,PF,MEM,23,12,17.6,1.8,4.6,0.4,0.3,1.3,0.258,1.5,3.2,0.459,0.438,0.6,0.8,0.778,1,2.3,3.2,0.4,0.6,0.8,0.9,2.8,4.6
276,Frank Mason,PG,SAC,17,0,17.6,2.8,6.4,0.435,0.7,1.4,0.5,2.1,4.9,0.417,0.491,1.9,2.5,0.762,0.4,1.3,1.7,3.2,0.4,0,1.5,1.2,8.1
277,Mangok Mathiang,C,CHO,1,0,3,0,2,0,0,0,,0,2,0,0,0,0,,1,1,2,0,0,0,0,0,0
278,Wesley Matthews,SG,DAL,25,24,34.3,4,10.2,0.387,2.5,6.1,0.405,1.5,4.1,0.359,0.508,1.2,1.5,0.784,0.4,2.6,2.9,2.8,1.1,0.2,1.5,2.3,11.6
279,Luc Mbah a Moute,PF,HOU,21,3,26.3,2.8,5.8,0.484,1.2,2.9,0.41,1.6,2.9,0.557,0.586,0.9,1.2,0.72,0.5,2.9,3.4,1,1.4,0.5,1.4,2,7.7
280,James Michael McAdoo,PF,PHI,1,0,7,1,4,0.25,1,4,0.25,0,0,,0.375,2,2,1,0,0,0,0,0,0,1,0,5
281,Patrick McCaw,SG,GSW,23,1,13.2,1.5,3,0.493,0.6,1.4,0.406,0.9,1.6,0.568,0.587,0.3,0.4,0.778,0.2,0.7,0.9,1.4,0.6,0.2,0.4,0.9,3.8
282,C.J. McCollum,SG,POR,23,23,36.4,7.8,17.6,0.443,2.6,5.7,0.455,5.2,11.8,0.438,0.517,2.5,2.9,0.866,0.7,3.7,4.4,2.7,1,0.3,2,2.6,20.7
283,T.J. McConnell,PG,PHI,21,1,24,2.9,5.6,0.517,0.4,0.8,0.563,2.5,4.9,0.51,0.555,0.5,0.6,0.833,0.7,2.8,3.5,5.2,1.1,0.2,2,2.1,6.7
284,Chris McCullough,PF,WAS,6,0,7.5,1.3,3.5,0.381,0.2,0.8,0.2,1.2,2.7,0.438,0.405,0.8,1.3,0.625,0.5,1.5,2,0.2,0,0.3,0,1.2,3.7
285,Doug McDermott,SF,NYK,24,0,23.4,3.1,6.5,0.477,1.1,2.7,0.4,2,3.8,0.533,0.561,0.5,0.7,0.765,0.8,2.2,3,1.1,0.2,0.3,0.7,1.7,7.8
286,JaVale McGee,C,GSW,23,1,7.8,1.5,2.6,0.567,0,0.1,0,1.5,2.5,0.586,0.567,0.6,0.8,0.778,0.7,1.3,2,0.6,0.3,0.7,0.4,1.2,3.6
287,Alfonzo McKinnie,SF,TOR,8,0,3.1,0.5,0.8,0.667,0.1,0.4,0.333,0.4,0.4,1,0.75,0.3,0.4,0.667,0,0.6,0.6,0.1,0,0.1,0.1,0.8,1.4
288,Ben McLemore,SG,MEM,13,5,18.8,2.5,6.2,0.413,0.6,2.5,0.25,1.9,3.7,0.521,0.463,0.7,0.7,1,0.5,1.8,2.2,1,0.5,0.3,1.2,2.7,6.4
289,Jodie Meeks,SG,WAS,25,0,16.7,2.3,6,0.383,1,3.1,0.321,1.3,2.8,0.451,0.466,2,2.2,0.891,0.2,1,1.2,0.4,0.5,0,0.5,1,7.5
290,Salah Mejri,C,DAL,21,1,11.8,1.3,1.9,0.692,0,0.1,0,1.3,1.8,0.73,0.692,0.6,1.1,0.522,1.3,2.9,4.2,0.5,0.3,1.4,0.5,1.8,3.1
291,Jordan Mickey,PF,MIA,5,2,8.6,1.2,2.4,0.5,0,0.4,0,1.2,2,0.6,0.5,0.8,1,0.8,0.8,2.8,3.6,0,0,0.6,0.6,1,3.2
292,Khris Middleton,SF,MIL,23,23,36.8,7.3,15.5,0.468,1.8,5,0.353,5.5,10.5,0.523,0.525,3.3,3.8,0.874,0.7,4.9,5.5,4.3,1.3,0.1,2.4,3.4,19.6
293,C.J. Miles,SF,TOR,19,0,18.9,3.4,8.3,0.408,2.5,6.4,0.393,0.8,1.8,0.457,0.561,1.2,1.4,0.885,0.3,1.7,2,0.7,0.6,0.5,0.6,2.1,10.5
294,Darius Miller,SF,NOP,25,1,19.6,2.6,5.3,0.481,2,4.2,0.471,0.6,1.2,0.517,0.665,0.6,0.8,0.8,0.1,1.5,1.6,1.1,0.4,0.1,0.6,1.7,7.7
295,Patty Mills,PG,SAS,25,12,25.5,3.2,8.4,0.388,1.8,5,0.368,1.4,3.4,0.417,0.498,1,1,0.923,0.3,2,2.3,3.6,0.8,0.2,1.3,1.4,9.3
296,Paul Millsap,PF,DEN,16,16,29.7,5.6,12.6,0.446,1.3,3.6,0.345,4.4,9,0.486,0.495,2.8,4.1,0.692,1.5,4.7,6.2,3,1.1,1.3,2.1,2.4,15.3
297,Donovan Mitchell,SG,UTA,26,18,29.4,6.3,15.2,0.418,2.4,6.5,0.375,3.9,8.7,0.449,0.497,2.4,2.8,0.838,0.6,2.5,3.1,3.3,1.4,0.4,2.4,3.1,17.5
298,Malik Monk,SG,CHO,20,0,17,2.6,7.5,0.342,1.4,4.3,0.326,1.2,3.2,0.365,0.436,0.6,0.8,0.75,0.1,1.4,1.5,1.8,0.3,0.2,0.9,1.2,7.1
299,Greg Monroe,C,TOT,15,8,20.1,4.3,7.3,0.582,0,0,,4.3,7.3,0.582,0.582,1.2,1.7,0.72,1.9,4.7,6.6,2.1,0.6,0.2,1.7,1.8,9.7
299,Greg Monroe,C,MIL,5,0,15.8,3.2,6.6,0.485,0,0,,3.2,6.6,0.485,0.485,0.4,0.8,0.5,1.2,3.8,5,1,0,0,1.2,1.4,6.8
299,Greg Monroe,C,PHO,10,8,22.3,4.8,7.7,0.623,0,0,,4.8,7.7,0.623,0.623,1.6,2.1,0.762,2.3,5.1,7.4,2.6,0.9,0.3,1.9,2,11.2
300,E'Twaun Moore,SG,NOP,25,23,31.4,5.2,9.8,0.524,1.8,3.9,0.459,3.4,5.9,0.568,0.616,0.4,0.7,0.611,0.8,1.8,2.5,2,1,0.2,1.2,2.5,12.6
301,Eric Moreland,PF,DET,21,0,10.5,0.5,1,0.5,0,0,,0.5,1,0.5,0.5,0.2,0.4,0.5,1.2,1.8,3,0.8,0.2,0.7,0.6,2,1.2
302,Marcus Morris,SF,BOS,15,9,24.1,4.4,10.4,0.423,1.3,3.7,0.345,3.1,6.7,0.465,0.484,2.5,3,0.844,0.4,5.2,5.6,1.5,0.7,0.3,1.1,1.7,12.6
303,Markieff Morris,PF,WAS,18,18,23.8,4.2,9.3,0.446,1.2,3.1,0.382,3,6.3,0.478,0.509,1,1.2,0.818,1,3.4,4.4,1.2,0.6,0.7,1.6,3.1,10.5
304,Timofey Mozgov,C,BRK,17,14,14.6,2.1,3.6,0.565,0.2,0.9,0.188,1.9,2.7,0.696,0.589,0.6,0.9,0.667,1.5,2.9,4.4,0.2,0.2,0.5,1.2,1.4,4.9
305,Emmanuel Mudiay,PG,DEN,24,0,21.8,3.5,8.8,0.392,1.2,2.8,0.412,2.3,6,0.382,0.458,2.2,2.8,0.788,0.5,2.3,2.8,3.3,0.5,0.1,2.2,1.4,10.3
306,Shabazz Muhammad,SF,MIN,22,2,11.4,1.6,4.1,0.385,0.2,0.9,0.211,1.4,3.3,0.431,0.407,0.6,0.8,0.722,0.5,1.2,1.7,0.3,0.2,0.1,0.1,0.9,4
307,Dejounte Murray,PG,SAS,25,8,18.9,2.6,6.1,0.418,0.1,0.4,0.333,2.4,5.8,0.424,0.428,1.4,2,0.735,1.1,3.2,4.4,2.4,0.8,0.2,1.7,1.6,6.7
308,Jamal Murray,PG,DEN,24,24,27.1,5.3,12.2,0.43,1.4,4.7,0.304,3.8,7.5,0.508,0.488,2.5,2.8,0.924,1.2,1.6,2.8,2.4,0.8,0.3,2,2,14.5
309,Mike Muscala,C,ATL,9,5,22.4,2.3,5.7,0.412,0.7,2.1,0.316,1.7,3.6,0.469,0.471,1.2,1.3,0.917,1.2,3.2,4.4,1,0.8,0.6,0.9,2.6,6.6
310,Abdel Nader,SF,BOS,12,0,7,0.7,1.8,0.364,0.3,0.8,0.333,0.4,1.1,0.385,0.432,0,0,,0.2,0.6,0.8,0.3,0.3,0.3,0.5,0.5,1.6
311,Larry Nance,PF,LAL,13,13,24.1,4.1,6.8,0.596,0,0.2,0,4.1,6.7,0.609,0.596,1.4,1.9,0.72,2.6,4.5,7.2,1.2,1.8,0.6,1.3,3.4,9.5
312,Shabazz Napier,PG,POR,20,0,16.3,2.5,5.2,0.471,0.9,1.8,0.486,1.6,3.5,0.464,0.553,1.5,1.8,0.857,0.3,1.6,1.9,1.5,1.1,0.1,0.7,1,7.3
313,Jameer Nelson,PG,NOP,23,0,24.7,2.3,5.2,0.445,1,2.7,0.393,1.3,2.5,0.5,0.546,0.5,0.7,0.8,0.3,2.4,2.7,4.3,0.8,0.1,1.5,1.8,6.2
314,Raul Neto,PG,UTA,16,0,14,2.1,4.3,0.485,0.6,1.4,0.455,1.4,2.9,0.5,0.559,0.5,0.8,0.615,0.1,1.3,1.4,2.1,0.4,0.1,0.8,0.9,5.3
315,Joakim Noah,C,NYK,2,0,5.5,1,1.5,0.667,0,0,,1,1.5,0.667,0.667,0.5,1,0.5,1,1.5,2.5,1.5,0.5,0.5,0.5,0.5,2.5
316,Nerlens Noel,C,DAL,18,6,12.5,1.6,2.9,0.528,0,0,,1.6,2.9,0.528,0.528,0.9,1.1,0.842,1.4,2.6,4.1,0.3,0.6,0.6,0.8,1.7,4
317,Lucas Nogueira,C,TOR,17,2,12,1.6,2.8,0.596,0.2,0.6,0.3,1.5,2.2,0.676,0.628,0.4,0.5,0.778,0.5,2.2,2.7,0.4,0.6,1.2,0.5,1.6,3.9
318,Dirk Nowitzki,C,DAL,25,25,24.8,4.4,9.5,0.458,1.5,3.6,0.422,2.8,5.9,0.48,0.538,1.1,1.2,0.9,0.4,5.3,5.8,1.7,0.5,0.3,0.8,1.8,11.3
319,Frank Ntilikina,PG,NYK,21,0,19.3,2,5.8,0.336,0.4,1.8,0.243,1.5,4,0.376,0.373,0.9,1.2,0.72,0.4,1.5,1.9,3.1,1.3,0.1,2,2.7,5.2
320,Jusuf Nurkic,C,POR,24,24,28,6.2,13.5,0.455,0,0.2,0,6.2,13.3,0.463,0.455,2.8,4.3,0.644,1.8,5.9,7.8,2,0.8,1.3,3,3.1,15.1
321,David Nwaba,SG,CHI,11,3,20.8,2.6,4.8,0.547,0.2,0.6,0.286,2.5,4.2,0.587,0.566,1.5,2.4,0.654,0.5,4.6,5.2,1.5,0.7,0.6,0.8,1.7,7
322,Johnny O'Bryant,PF,CHO,9,0,8.7,1.8,4,0.444,0.2,0.8,0.286,1.6,3.2,0.483,0.472,0.9,0.9,1,0.7,1.3,2,0.4,0.2,0.2,0.3,0.7,4.7
323,Royce O'Neale,SF,UTA,17,0,10.7,0.9,2.6,0.356,0.4,1.4,0.304,0.5,1.3,0.409,0.433,0.4,0.6,0.6,0.1,1.8,1.9,1.1,0.5,0.1,0.4,0.8,2.6
324,Kyle O'Quinn,C,NYK,24,3,16.4,2.4,4.5,0.532,0,0.2,0,2.4,4.4,0.552,0.532,1.2,1.5,0.778,1.6,4.6,6.2,2,0.5,1,1.7,2.7,6
325,Semi Ojeleye,PF,BOS,25,0,14.2,0.8,2.5,0.323,0.6,2,0.3,0.2,0.5,0.417,0.444,0.4,0.6,0.625,0.5,1.5,2,0.2,0.3,0,0.3,1,2.6
326,Jahlil Okafor,C,PHI,2,0,12.5,2,4.5,0.444,0,0,,2,4.5,0.444,0.444,1,2,0.5,2,2.5,4.5,0.5,0,1,1.5,3.5,5
327,Victor Oladipo,SG,IND,24,24,33.4,8.5,17.5,0.483,2.5,5.6,0.437,6,11.9,0.505,0.554,3.9,4.9,0.788,0.6,4.6,5.2,3.9,1.9,1.1,3.3,2.5,23.3
328,Kelly Olynyk,PF,MIA,24,2,20.5,3.3,6.2,0.523,1.2,2.5,0.483,2,3.7,0.551,0.621,1.5,1.9,0.804,0.9,4.5,5.4,2,0.6,0.5,2,3.1,9.3
329,Cedi Osman,SF,CLE,17,0,5.2,0.5,1.2,0.429,0.2,0.6,0.3,0.4,0.6,0.545,0.5,0.1,0.1,1,0.2,1.1,1.3,0.2,0.1,0.1,0.2,0.7,1.4
330,Kelly Oubre,SF,WAS,25,6,27.6,3.9,9.4,0.419,1.6,4,0.396,2.3,5.3,0.436,0.504,2.4,2.8,0.831,0.8,4.4,5.3,1.1,1,0.4,1.1,2.6,11.8
331,Zaza Pachulia,C,GSW,25,25,14.4,2,3.6,0.56,0,0,,2,3.6,0.56,0.56,0.9,1.2,0.793,1.1,3.7,4.8,1.6,0.8,0.2,1.3,1.7,5
332,Marcus Paige,PG,CHO,1,0,3,0,2,0,0,0,,0,2,0,0,0,0,,0,2,2,0,0,0,0,0,0
333,Georgios Papagiannis,C,SAC,4,0,6.3,1.3,1.8,0.714,0,0,,1.3,1.8,0.714,0.714,0,0,,0.3,1,1.3,0.3,0.3,0.3,0.3,0.3,2.5
334,Tony Parker,PG,SAS,5,5,17.6,3.4,6.4,0.531,0,0.2,0,3.4,6.2,0.548,0.531,1.4,1.8,0.778,0.4,1.6,2,5,0,0.2,1.4,0.8,8.2
335,Chandler Parsons,SF,MEM,19,5,20.2,3.4,6.6,0.52,1.7,3.5,0.478,1.7,3.1,0.569,0.648,0.5,0.8,0.6,0.4,2.3,2.7,1.8,0.5,0.2,0.9,1.7,9
336,Patrick Patterson,PF,OKC,24,0,13.8,0.9,2.5,0.367,0.6,1.8,0.333,0.3,0.8,0.444,0.483,0.1,0.1,1,0.2,1.5,1.7,0.5,0.6,0.1,0.4,1.1,2.5
337,Brandon Paul,SG,SAS,25,1,11.6,1.2,2.6,0.462,0.5,1.4,0.353,0.7,1.2,0.581,0.554,0.5,0.8,0.684,0.1,1.2,1.2,0.9,0.6,0.1,0.6,1.2,3.4
338,Chris Paul,PG,HOU,9,9,29.7,4.7,10.7,0.438,2.1,5,0.422,2.6,5.7,0.451,0.536,1.6,1.8,0.875,0.7,4.1,4.8,10.1,2,0.3,1.8,2.4,13
339,Elfrid Payton,PG,ORL,17,17,28,4.6,9.4,0.494,0.5,1.6,0.321,4.1,7.8,0.53,0.522,1,1.9,0.515,1.2,2.8,4,6.7,1.6,0.4,2.7,2.2,10.8
340,Gary Payton,PG,MIL,7,2,6.4,0.9,2.1,0.4,0.1,0.9,0.167,0.7,1.3,0.556,0.433,0,0,,0.1,0.7,0.9,0.6,0.1,0,0.3,1.3,1.9
341,Alec Peters,PF,PHO,2,0,7,0.5,2,0.25,0.5,2,0.25,0,0,,0.375,0,0,,0,1.5,1.5,0,0,1,0,0.5,1.5
342,Mason Plumlee,C,DEN,24,2,17.8,2.5,4.5,0.546,0,0,0,2.5,4.5,0.551,0.546,1.2,2.9,0.406,1.5,3.1,4.6,1.7,0.7,0.8,1.4,2,6.1
343,Miles Plumlee,C,ATL,5,3,13.4,1.4,2.6,0.538,0,0,,1.4,2.6,0.538,0.538,0.2,0.4,0.5,1.2,2.6,3.8,0.4,0.4,0.6,1.6,1.4,3
344,Jakob Poeltl,C,TOR,22,0,15.7,3.2,4.6,0.696,0,0,,3.2,4.6,0.696,0.696,0.7,1.5,0.485,2,2.4,4.4,0.4,0.4,1,0.8,2.2,7.2
345,Quincy Pondexter,SF,CHI,15,1,10.5,0.9,2.8,0.31,0.2,1.3,0.158,0.7,1.5,0.435,0.345,0.9,1.1,0.824,0.5,0.8,1.3,0.4,0.5,0.1,0.6,1.4,2.9
346,Otto Porter,SF,WAS,24,24,32.5,6,12,0.498,1.7,3.8,0.456,4.3,8.2,0.518,0.57,1.2,1.4,0.824,1.2,5.6,6.8,1.7,1.6,0.5,0.8,2,14.8
347,Bobby Portis,PF,CHI,14,0,22.1,4.6,10.3,0.444,1.1,3.3,0.348,3.4,7,0.49,0.5,1.7,2.2,0.774,1.9,5.1,7,1.7,0.2,0.4,1.3,1.1,12
348,Kristaps Porzingis,PF,NYK,20,20,31.6,9,19.3,0.465,2,4.8,0.406,7,14.5,0.484,0.516,5.6,6.6,0.841,1.3,5.5,6.7,1.1,0.5,2.1,2.3,2.7,25.4
349,Dwight Powell,C,DAL,24,0,17.5,2.4,4.8,0.496,0.3,1.5,0.222,2,3.3,0.62,0.53,0.8,1.3,0.594,1.5,3.5,5,1,0.8,0.5,0.7,1.8,5.9
350,Norman Powell,SG,TOR,18,12,22.1,3.4,7.8,0.44,1.2,3.7,0.333,2.2,4.2,0.533,0.518,1.2,1.4,0.808,0.2,1.8,2.1,1.9,1.1,0.4,1.4,2.3,9.3
351,Alex Poythress,PF,IND,7,0,2.9,0.3,0.4,0.667,0.3,0.3,1,0,0.1,0,1,0,0,,0,0.6,0.6,0,0,0,0.1,0.1,0.9
352,Jacob Pullen,PG,PHI,2,0,1,0,0.5,0,0,0.5,0,0,0,,0,0,0,,0,0,0,0,0,0,0,0,0
353,Zhou Qi,C,HOU,11,0,5.3,0.4,1.8,0.2,0.2,1,0.182,0.2,0.8,0.222,0.25,0.5,0.5,0.833,0.2,0.8,1,0.1,0.2,0.5,0.4,0.8,1.4
354,Ivan Rabb,PF,MEM,1,0,1,0,0,,0,0,,0,0,,,0,0,,0,0,0,0,0,0,0,0,0
355,Julius Randle,C,LAL,24,0,22.2,4.8,8.6,0.551,0.2,1,0.217,4.5,7.7,0.592,0.563,2.7,4.1,0.657,1.2,5.1,6.3,1.8,0.5,0.8,2.2,3.5,12.4
356,Zach Randolph,PF,SAC,22,21,25.2,6,12.3,0.489,0.6,2,0.326,5.4,10.3,0.52,0.515,1.5,1.9,0.78,1.6,4.9,6.5,2.2,0.9,0.2,1.7,1.8,14.1
357,J.J. Redick,SG,PHI,22,22,33.3,5.7,13,0.436,2.5,6.3,0.388,3.2,6.7,0.48,0.53,2.1,2.3,0.922,0.2,2.5,2.8,3.5,0.6,0.1,1.5,2.4,16
358,Willie Reed,C,LAC,21,0,10.5,2.1,3,0.688,0,0,1,2,3,0.683,0.695,1,1.7,0.629,0.9,2.1,3,0.2,0.2,0.4,0.4,1.7,5.3
359,Josh Richardson,SF,MIA,24,24,32.4,3.9,9.4,0.413,1.5,4.9,0.305,2.4,4.5,0.533,0.493,0.8,1.1,0.769,0.6,2.3,2.8,2,1.2,0.7,2.2,3,10.1
360,Malachi Richardson,SG,SAC,12,0,11.7,1.3,3.5,0.357,0.6,1.5,0.389,0.7,2,0.333,0.44,0.8,1.1,0.769,0.2,0.8,0.9,0.5,0.5,0,0.3,1.2,3.9
361,Austin Rivers,SG,LAC,23,21,33.7,5.3,13.1,0.404,2.3,5.6,0.403,3,7.5,0.405,0.49,1.8,2.7,0.667,0.6,1.6,2.2,3.4,1.5,0.2,1.9,2.7,14.7
362,Andre Roberson,SF,OKC,24,24,25.9,2.2,4.1,0.541,0.3,1.3,0.226,1.9,2.8,0.687,0.577,0.2,0.5,0.385,1.8,2.5,4.2,1.1,0.8,0.9,1,2,4.9
363,Rajon Rondo,PG,NOP,12,11,23.8,3.2,6.7,0.475,0.7,2.2,0.308,2.5,4.5,0.556,0.525,0,0,,0.4,3.3,3.8,7.3,0.7,0.2,1.7,1.9,7
364,Derrick Rose,PG,CLE,7,7,26.9,5.6,11.9,0.47,0.4,1.9,0.231,5.1,10,0.514,0.488,2.7,3,0.905,1,1.6,2.6,1.7,0.3,0.1,2.7,1.6,14.3
365,Terrence Ross,SG,ORL,22,20,26.2,3.3,8,0.407,1.3,3.9,0.329,2,4.2,0.478,0.486,1.2,1.6,0.743,0.5,2.7,3.2,1.6,1.2,0.5,1.1,2,9
366,Terry Rozier,PG,BOS,26,0,23.3,3.2,8.4,0.374,1.6,4.4,0.36,1.6,4,0.39,0.468,1.2,1.5,0.8,0.7,3.8,4.5,2,1,0,0.7,1.5,9.1
367,Ricky Rubio,PG,UTA,25,25,28.8,3.8,9.9,0.387,1.2,3.9,0.296,2.7,6,0.447,0.446,3,3.5,0.862,0.5,3.1,3.6,4.8,1.7,0.2,3.1,2.7,11.8
368,D'Angelo Russell,PG,BRK,12,12,27.8,7.9,17.1,0.463,1.5,5.1,0.295,6.4,12,0.535,0.507,3.6,5.3,0.683,0.8,3.9,4.7,5.7,1,0.2,4,2.5,20.9
369,Domantas Sabonis,PF,IND,23,8,25,4.5,8.5,0.533,0.2,0.5,0.455,4.3,8,0.538,0.546,2.9,3.8,0.761,2.7,6,8.7,2.2,0.3,0.3,2.1,3,12.2
370,JaKarr Sampson,SF,SAC,4,1,17.8,1.8,4,0.438,0,0.3,0,1.8,3.8,0.467,0.438,0.5,0.5,1,1.8,4.3,6,0.5,0.3,0.3,0,2.8,4
371,Dario Saric,PF,PHI,23,18,28.6,4.3,10.2,0.417,1.5,4.5,0.34,2.7,5.7,0.477,0.491,1.3,1.7,0.816,2,4.5,6.5,1.9,0.5,0.4,1.5,2.2,11.4
372,Tomas Satoransky,SG,WAS,16,0,15.9,1.8,3.8,0.467,0.4,0.9,0.4,1.4,2.8,0.489,0.517,1.1,1.4,0.739,0.6,1.6,2.1,2.7,0.4,0,0.4,1.5,4.9
373,Dennis Schroder,PG,ATL,22,22,32.4,8.2,17.9,0.457,1.2,3.6,0.329,7,14.3,0.489,0.49,3,3.4,0.867,0.8,2.2,3,6.5,1.1,0,2.8,1.9,20.5
374,Mike Scott,PF,WAS,22,0,17.6,3.1,6,0.527,0.7,1.8,0.385,2.5,4.2,0.587,0.584,0.7,1,0.727,0.6,2.7,3.3,0.7,0.4,0.2,1,1.7,7.7
375,Thabo Sefolosha,SF,UTA,25,1,20.8,3.1,6,0.517,0.9,2.2,0.418,2.2,3.8,0.574,0.594,1.1,1.2,0.871,0.6,3.8,4.4,0.8,1.4,0.2,0.7,1.3,8.2
376,Wayne Selden,SG,MEM,2,0,9.5,1,2,0.5,0.5,1,0.5,0.5,1,0.5,0.625,1,1,1,0,1,1,2,0.5,0,1.5,0,3.5
377,Ramon Sessions,PG,NYK,10,3,14.9,1.6,4.9,0.327,0.2,1.1,0.182,1.4,3.8,0.368,0.347,1.2,1.5,0.8,0.1,1.3,1.4,2.7,0.7,0.1,1.4,1.3,4.6
378,Iman Shumpert,SG,CLE,13,6,20.8,1.7,4.4,0.386,0.5,1.9,0.28,1.2,2.5,0.469,0.447,0.8,1.2,0.733,0.5,2.5,3.1,1.3,0.7,0.4,1.3,1.5,4.8
379,Pascal Siakam,PF,TOR,21,4,20.9,3.3,6.3,0.523,0.4,2.1,0.205,2.9,4.2,0.682,0.557,0.2,0.9,0.278,1,3.6,4.6,1.8,1,0.5,0.9,1.8,7.2
380,Ben Simmons,PG,PHI,23,23,36.1,7.4,14.8,0.5,0,0.3,0,7.4,14.4,0.512,0.5,3,5.3,0.557,2.2,7.3,9.5,7.5,2.2,0.8,3.7,2.6,17.7
381,Jonathon Simmons,SG,ORL,26,7,27.5,5.3,10.9,0.482,0.9,2.7,0.329,4.4,8.2,0.533,0.523,2.8,3.8,0.74,0.8,2.4,3.2,1.8,0.8,0.1,2.2,2.6,14.3
382,Kobi Simmons,PG,MEM,1,0,5,1,1,1,0,0,,1,1,1,1,0,0,,0,0,0,0,0,0,0,1,2
383,Kyle Singler,SF,OKC,2,0,12.5,2,5,0.4,1,2,0.5,1,3,0.333,0.5,0.5,1.5,0.333,0,1.5,1.5,0,0,0,0,1.5,5.5
384,Marcus Smart,SG,BOS,24,4,30.8,3,9.5,0.317,1.3,4.5,0.294,1.7,4.9,0.339,0.388,2,2.8,0.731,0.9,3.2,4.1,5.4,1.2,0.5,2.4,2.5,9.4
385,Dennis Smith,PG,DAL,23,23,28.1,5.7,14.5,0.395,1.5,4.8,0.306,4.3,9.7,0.439,0.446,1.4,2.2,0.66,0.9,3.2,4,4,0.8,0.3,3,2,14.4
386,Ish Smith,PG,DET,24,0,19.4,4,8.3,0.49,0.2,0.8,0.211,3.9,7.5,0.52,0.5,0.8,1.2,0.655,0.3,1.8,2.1,3.8,0.4,0.3,1.1,1.5,9
387,J.R. Smith,SG,CLE,25,22,31,3,7.7,0.389,1.9,5.6,0.338,1.1,2.2,0.519,0.51,0.3,0.6,0.571,0.4,2.6,3,2.2,1,0,1,2.5,8.2
388,Jason Smith,C,WAS,9,2,9,0.8,3.1,0.25,0.1,1.4,0.077,0.7,1.7,0.4,0.268,0.8,0.8,1,0.9,0.7,1.6,0.1,0.1,0.6,0.3,1.8,2.4
389,Josh Smith,PF,NOP,3,0,4,0.3,1.3,0.25,0,0,,0.3,1.3,0.25,0.25,0,0,,1,0.3,1.3,0,0,0,0,1,0.7
390,Tony Snell,SG,MIL,23,21,31.7,3.2,6,0.525,1.7,3.6,0.476,1.5,2.5,0.596,0.665,0.5,0.7,0.75,0.2,1.8,2,1.7,0.7,0.3,0.5,1.6,8.6
391,Marreese Speights,C,ORL,20,0,11.5,2.6,6.5,0.403,1.8,4.4,0.398,0.9,2.1,0.415,0.539,0.4,0.7,0.571,0.4,1.9,2.2,0.5,0.2,0.3,0.6,1.9,7.4
392,Nik Stauskas,SG,PHI,6,0,7.5,0.2,0.7,0.25,0,0.2,0,0.2,0.5,0.333,0.25,0.3,0.3,1,0,0.2,0.2,0.2,0.7,0,0.7,0.5,0.7
393,Lance Stephenson,SG,IND,25,1,21.4,3.1,7.2,0.433,0.7,2.2,0.309,2.4,5,0.488,0.481,1.1,1.8,0.6,0.8,4,4.8,2.5,0.6,0.2,1.5,1.8,8
394,Julyan Stone,SG,CHO,2,0,9,1,2,0.5,1,2,0.5,0,0,,0.75,0,0,,0,2.5,2.5,1,1,0,1,1.5,3
395,Caleb Swanigan,PF,POR,13,3,9.8,1.1,3.1,0.35,0.1,0.4,0.2,1,2.7,0.371,0.363,0.6,1,0.615,0.9,1.8,2.8,0.7,0.3,0.2,0.8,1.8,2.8
396,Jayson Tatum,SF,BOS,26,26,30.5,4.7,9.2,0.508,1.6,3,0.519,3.1,6.1,0.503,0.595,3.2,3.8,0.828,0.8,4.7,5.5,1.4,1,0.8,1.3,2.3,14
397,Isaiah Taylor,PG,ATL,17,0,16.2,2.3,5,0.459,0.5,1.2,0.4,1.8,3.8,0.477,0.506,1.1,1.6,0.667,0.1,1.1,1.2,2.2,0.5,0.3,1.1,1.1,6.1
398,Jeff Teague,PG,MIN,22,22,34,4.8,11,0.432,1.5,3.6,0.425,3.2,7.4,0.436,0.502,2.7,3.3,0.819,0.3,2.5,2.9,7.5,1.6,0.4,3,2.5,13.8
399,Mirza Teletovic,PF,MIL,10,0,15.9,2.5,5.7,0.439,2.1,4.5,0.467,0.4,1.2,0.333,0.623,0,0,,0.3,2,2.3,1,0.4,0.1,0.7,1.4,7.1
400,Garrett Temple,SG,SAC,23,17,25.8,2.9,7.4,0.392,1.6,4,0.402,1.3,3.4,0.38,0.5,1,1.3,0.759,0.2,2.1,2.3,1.6,1.1,0.5,1.2,2,8.4
401,Milos Teodosic,PG,LAC,2,2,16,2,6,0.333,1.5,3.5,0.429,0.5,2.5,0.2,0.458,0,0,,0,0.5,0.5,4,0,0.5,1.5,1.5,5.5
402,Jason Terry,SG,MIL,10,0,11.1,0.6,1.9,0.316,0.1,1.2,0.083,0.5,0.7,0.714,0.342,0.2,0.2,1,0,0.9,0.9,0.6,0.7,0.4,0.4,0.7,1.5
403,Daniel Theis,C,BOS,24,2,12.5,1.8,3.3,0.564,0.1,0.6,0.214,1.7,2.7,0.641,0.583,0.8,1,0.75,1.4,2.8,4.2,0.5,0.5,0.8,1.3,2.3,4.5
404,Lance Thomas,PF,NYK,21,1,15.8,1.4,3.8,0.38,0.5,1.4,0.333,1,2.3,0.408,0.443,0.9,1.1,0.792,0.8,1.9,2.7,0.5,0.2,0,0.6,1.6,4.2
405,Klay Thompson,SG,GSW,26,26,33.3,8.1,15.8,0.51,3.5,7.3,0.474,4.6,8.5,0.541,0.619,1,1.1,0.862,0.5,3.8,4.2,2.5,0.7,0.7,1.5,1.8,20.6
406,Tristan Thompson,C,CLE,8,5,21.6,1.9,3.3,0.577,0,0,,1.9,3.3,0.577,0.577,0.6,1.4,0.455,2.1,4.3,6.4,0.4,0.1,0.5,0.8,2,4.4
407,Sindarius Thornwell,SG,LAC,23,6,16,1.6,3.6,0.446,0.5,1.2,0.407,1.1,2.4,0.464,0.512,0.7,1.1,0.64,0.4,0.7,1.1,0.6,0.6,0.3,0.7,2.3,4.4
408,Anthony Tolliver,PF,DET,21,1,18.3,2,5,0.394,1.4,4,0.349,0.6,1,0.571,0.534,1,1.4,0.724,0.6,2.1,2.8,1,0.5,0.3,0.6,1.6,6.3
409,Karl-Anthony Towns,C,MIN,26,26,34.8,7.5,14.3,0.526,1.3,3.5,0.367,6.2,10.8,0.577,0.57,3.5,4.2,0.852,2.7,8.9,11.6,1.6,0.6,1.3,2.1,3.5,19.8
410,P.J. Tucker,SF,HOU,23,2,27.1,2.1,5.1,0.41,1.3,3.7,0.369,0.7,1.4,0.515,0.543,0.8,1,0.826,1.2,4.8,6,0.9,1.3,0.3,1.2,2.9,6.3
411,Evan Turner,SF,POR,24,1,26,3,7.7,0.386,0.3,1.7,0.195,2.6,6,0.441,0.408,1.4,1.7,0.85,0.4,3.4,3.8,2.3,0.7,0.4,1.7,2.1,7.7
412,Myles Turner,C,IND,18,17,29.1,5.4,11.2,0.488,0.8,2.5,0.333,4.6,8.7,0.532,0.525,2.1,2.7,0.792,0.9,6.4,7.3,1.5,0.3,2.4,1.6,3,13.8
413,Ekpe Udoh,C,UTA,25,0,14.4,1,2,0.471,0,0,,1,2,0.471,0.471,0.6,0.8,0.8,1.2,1,2.2,1.2,0.6,1.3,0.4,2,2.6
414,Tyler Ulis,PG,PHO,26,14,23.7,3.1,7.8,0.394,0.5,1.6,0.286,2.6,6.2,0.422,0.424,1.5,1.9,0.796,0.2,1.6,1.8,4.2,1,0.1,2.1,1.5,8.1
415,Jonas Valanciunas,C,TOR,18,18,20.2,4,7.4,0.541,0.1,0.3,0.2,3.9,7.1,0.555,0.545,2.1,2.3,0.881,2.2,4.8,7.1,0.7,0.3,0.6,1.6,2.8,10.1
416,Denzel Valentine,SG,CHI,23,12,29.3,3.7,9.8,0.382,2.3,5.5,0.413,1.5,4.3,0.343,0.498,0.2,0.3,0.714,0.8,4.6,5.4,3.1,0.8,0.1,1,2,10
417,Fred VanVleet,PG,TOR,22,0,16.5,2.3,5.8,0.398,0.8,2.4,0.346,1.5,3.5,0.434,0.469,0.9,1,0.87,0.2,1.4,1.6,3.1,0.8,0.2,0.9,1.4,6.4
418,Rashad Vaughn,SG,MIL,11,0,7.5,1.1,2.5,0.444,0.6,1.5,0.438,0.5,1,0.455,0.574,0.3,0.4,0.75,0.1,0.6,0.7,0.5,0.3,0.2,0.1,0.6,3.1
419,Noah Vonleh,PF,POR,17,12,21.7,2.1,3.9,0.53,0,0,,2.1,3.9,0.53,0.53,0.9,1.2,0.762,1.8,6,7.8,0.5,0.3,0.6,0.6,2.1,5.1
420,Nikola Vucevic,C,ORL,26,26,30.1,7,14.2,0.489,1.4,4.2,0.339,5.5,10,0.552,0.539,1.3,1.7,0.814,1.6,7.2,8.8,3.1,1,1.1,1.7,2.5,16.7
421,Dwyane Wade,SG,CLE,24,3,23.7,4.5,9.8,0.453,0.4,1.2,0.345,4,8.6,0.469,0.475,2.3,3.1,0.72,0.7,3.1,3.8,3.9,1,0.9,2,1.9,11.6
422,Dion Waiters,SG,MIA,22,22,31.1,5.9,14.6,0.401,2.1,6.4,0.326,3.8,8.2,0.459,0.472,1.5,2,0.756,0.4,2.1,2.5,3.8,0.8,0.3,2.6,2.1,15.4
423,Kemba Walker,PG,CHO,21,21,35.2,7.3,16.7,0.439,2.3,6.6,0.355,5,10.1,0.493,0.509,5.7,6.6,0.863,0.6,3.2,3.8,6.2,0.8,0.3,2,1.6,22.7
424,John Wall,PG,WAS,16,16,34.4,6.9,16,0.434,1.2,3.8,0.317,5.8,12.3,0.469,0.471,5.3,7,0.75,0.4,3,3.4,9.2,1.1,1.1,3,2.1,20.3
425,Taurean Waller-Prince,SF,ATL,24,24,30.8,4.8,11.2,0.431,1.7,4,0.427,3.1,7.2,0.434,0.507,1.1,1.6,0.711,0.8,4.3,5.1,2.3,1.2,0.5,2.2,2.1,12.5
426,Derrick Walton,PG,MIA,4,0,3,0,0.8,0,0,0.3,0,0,0.5,0,0,0.5,0.5,1,0,0.5,0.5,0,0.3,0.3,0,0,0.5
427,T.J. Warren,SF,PHO,27,27,31.4,7.7,15.6,0.493,0.3,1.5,0.175,7.4,14.1,0.526,0.501,2.9,3.9,0.743,2,3.8,5.8,1.2,0.9,0.7,1.3,2.2,18.6
428,Briante Weber,PG,HOU,4,0,3.5,0,0,,0,0,,0,0,,,0,0,,0,0.8,0.8,0.3,0.3,0,0.3,0.3,0
429,David West,C,GSW,24,0,12.3,2.9,4.4,0.657,0.1,0.3,0.5,2.8,4.1,0.667,0.671,0.7,1,0.667,0.8,2.5,3.3,1.7,0.6,1.2,1.1,1.5,6.5
430,Russell Westbrook,PG,OKC,24,24,35.7,8,19.9,0.403,1.9,5.7,0.328,6.1,14.2,0.432,0.45,5,7,0.719,1.5,7.8,9.3,9.7,2,0.1,4.9,2.7,22.9
431,Derrick White,PG,SAS,5,0,7.6,0.2,1,0.2,0,0,,0.2,1,0.2,0.2,0.6,1.2,0.5,0.4,1.2,1.6,0.6,0.6,0.4,0.2,0.8,1
432,Okaro White,PF,MIA,6,4,13.3,1.2,2.7,0.438,0.7,1.8,0.364,0.5,0.8,0.6,0.563,0.3,0.5,0.667,0.5,1.3,1.8,0.3,0.2,0.2,0.2,1,3.3
433,Isaiah Whitehead,PG,BRK,8,0,11.5,2.6,5.8,0.457,0.3,1,0.25,2.4,4.8,0.5,0.478,0.8,1.3,0.6,0.3,1.4,1.6,1.8,0.6,0.3,2.1,1.6,6.3
434,Hassan Whiteside,C,MIA,15,15,26.8,6.2,10.7,0.581,0.1,0.1,1,6.1,10.5,0.576,0.588,2.4,3.5,0.692,2.8,9.9,12.7,0.4,0.9,1.6,1.5,2.1,14.9
435,Andrew Wiggins,SF,MIN,26,26,36.9,7,15.6,0.447,1.3,4.3,0.315,5.6,11.3,0.497,0.49,3.3,5.1,0.644,1,3,4,1.9,1.2,0.6,1.9,1.8,18.5
436,Jacob Wiley,PF,BRK,4,0,8,0.3,1,0.25,0.3,0.5,0.5,0,0.5,0,0.375,0.3,0.5,0.5,0.5,2.3,2.8,0.5,0.3,0,0,1,1
437,Damien Wilkins,SF,IND,13,0,6.2,0.6,1.3,0.471,0,0.5,0,0.6,0.8,0.8,0.471,0,0,,0.3,0.5,0.8,0.5,0.2,0,0.3,0.3,1.2
438,C.J. Williams,SG,LAC,11,1,9.7,1.2,2.6,0.448,0.3,0.7,0.375,0.9,1.9,0.476,0.5,0.1,0.2,0.5,0.1,0.8,0.9,0.9,0.2,0,0.4,0.5,2.7
439,Lou Williams,SG,LAC,23,5,30,6.3,14.1,0.449,2.3,6,0.391,4,8.1,0.492,0.532,4,4.5,0.893,0.5,2.1,2.7,4.6,1,0.2,2.7,1.3,19
440,Marvin Williams,PF,CHO,23,23,25.8,3.1,6.7,0.468,1.5,3.5,0.438,1.6,3.2,0.5,0.581,1.1,1.3,0.867,0.8,3.5,4.3,1,0.8,0.3,0.5,1.4,8.9
441,Troy Williams,SF,HOU,4,0,4.3,0.5,2.3,0.222,0,1.3,0,0.5,1,0.5,0.222,0.3,0.8,0.333,0.3,0.8,1,0.3,0.3,0,0.3,0.5,1.3
442,D.J. Wilson,PF,MIL,9,0,3.9,0.4,1,0.444,0,0.3,0,0.4,0.7,0.667,0.444,0,0,,0,0.6,0.6,0.1,0,0,0.1,0.3,0.9
443,Jamil Wilson,SF,LAC,5,1,13.2,2,4.2,0.476,1.6,3.6,0.444,0.4,0.6,0.667,0.667,0,0,,0.6,0.6,1.2,1,0,0,0.4,1.2,5.6
444,Justise Winslow,SF,MIA,24,15,23.1,2.7,6.5,0.414,0.5,1.5,0.314,2.3,5.1,0.443,0.449,0.7,1,0.667,1,4.5,5.6,1.9,0.7,0.3,1.1,1.9,6.5
445,Jeff Withey,C,DAL,9,0,4,0.6,1.6,0.357,0.2,1,0.222,0.3,0.6,0.6,0.429,0.1,0.2,0.5,0.1,0.9,1,0,0,0.3,0.2,0.3,1.4
446,Nate Wolters,PG,UTA,4,0,2.8,0,0.8,0,0,0,,0,0.8,0,0,0,0,,0.3,0.3,0.5,0.3,0,0,0,0.3,0
447,Brandan Wright,PF,MEM,16,0,14.3,2.2,3.9,0.556,0,0,,2.2,3.9,0.556,0.556,0.9,1.4,0.652,1.3,2.2,3.4,0.3,0.5,1.1,0.2,1,5.3
448,Delon Wright,PG,TOR,14,0,20.9,2.4,4.6,0.523,0.6,2,0.286,1.9,2.6,0.703,0.585,2.1,2.3,0.938,0.4,2,2.4,2.6,0.9,0.4,1.8,1.4,7.6
449,Guerschon Yabusele,PF,BOS,8,0,4.8,0.8,1.9,0.4,0.4,1.1,0.333,0.4,0.8,0.5,0.5,0.3,0.3,1,0.9,0.8,1.6,0.5,0,0.1,0.4,0.6,2.1
450,Joe Young,PG,IND,14,0,5.4,1.1,2.6,0.444,0.1,0.8,0.091,1.1,1.8,0.6,0.458,0.4,0.7,0.6,0.1,0.5,0.6,0.6,0.1,0,0.3,0.4,2.8
451,Nick Young,SG,GSW,25,0,13.3,2.3,5.1,0.457,1.6,3.8,0.406,0.8,1.2,0.613,0.61,0.6,0.8,0.667,0.2,1.1,1.2,0.5,0.5,0.1,0.6,0.9,6.8
452,Thaddeus Young,PF,IND,25,25,33.1,5.9,12,0.49,1.1,3.1,0.359,4.8,8.9,0.536,0.537,0.4,0.7,0.556,2,4.1,6.1,2,1.6,0.4,1.3,2.2,13.3
453,Cody Zeller,C,CHO,19,0,19.9,2.5,5,0.495,0.1,0.1,1,2.4,4.9,0.489,0.5,2.2,3.1,0.724,2.4,3.1,5.5,0.8,0.5,1.1,1.1,2.7,7.2
454,Tyler Zeller,C,BRK,16,8,18.4,3.4,5.4,0.621,0.2,0.5,0.375,3.2,4.9,0.646,0.638,1.4,2.3,0.611,1.6,2.8,4.4,0.7,0.4,0.6,1.1,1.9,8.3
455,Paul Zipser,SF,CHI,20,7,16.6,1.7,5.3,0.324,0.6,2.3,0.267,1.1,3,0.367,0.381,0.1,0.3,0.333,0.3,3.1,3.4,1.1,0.4,0.2,0.9,1.6,4.1
456,Ante Zizic,C,CLE,9,0,3.6,0.3,0.9,0.375,0,0,,0.3,0.9,0.375,0.375,0.6,0.8,0.714,0.4,0.7,1.1,0,0,0.3,0.2,0.4,1.2
457,Ivica Zubac,C,LAL,6,0,2.3,0.3,0.8,0.4,0,0,,0.3,0.8,0.4,0.4,0,0,,0.3,0.3,0.7,0,0,0,0.3,0.3,0.7
